corp_id,corp_name,typ,address,county,NAME,geometry
1125,Clay Community Schools,School Corporation,"1013 S Forest Ave, Brazil, IN, 47834",Clay,Clay Community Schools,"c(-87.1258185, 39.5134146)"
1150,Clinton Central School Corporation,School Corporation,"Box 118, Michigantown, IN, 46057",Clinton,Clinton Central School Corporation,"c(-86.3782198, 40.2931784)"
1160,Clinton Prairie School Corporation,School Corporation,"2390 S CR 450 W, Frankfort, IN, 46041",Clinton,Clinton Prairie School Corporation,"c(-86.5920065, 40.2512842)"
1170,Community Schools of Frankfort,School Corporation,"2400 E Wabash Ave, Frankfort, IN, 46041",Clinton,Frankfort Community Schools,"c(-86.4815614, 40.2794796)"
1180,Rossville Consolidated School District,School Corporation,"PO Box 11, Rossville, IN, 46065",Clinton,Rossville Consolidated School District,"c(-86.5947239, 40.4169804)"
1300,Crawford County Community School Corporation,School Corporation,"5805 E Administration Rd, Marengo, IN, 47140",Crawford,Crawford County Community School Corporation,"c(-86.3524126, 38.3216566)"
1315,Barr-Reeve Community Schools Incorporated,School Corporation,"Box 97, Montgomery, IN, 47558",Daviess,Barr-Reeve Community School Corporation,"c(-87.0491666, 38.6682821)"
1375,North Daviess Community Schools,School Corporation,"5494 E SR 58, Elnora, IN, 47529",Daviess,North Daviess Community Schools,"c(-87.0620062, 38.8474234)"
1405,Washington Community Schools,School Corporation,"301 E South St, Washington, IN, 47501",Daviess,Washington Community School Corporation,"c(-87.172009, 38.6558995)"
1560,Sunman-Dearborn Community School Corporation,School Corporation,"1 Trojan Place Ste B, St Leon, IN, 47012",Dearborn,Sunman-Dearborn Community School Corporation,"c(-84.9741916, 39.2792271)"
1600,South Dearborn Community School Corporation,School Corporation,"6109 Squire Pl, Aurora, IN, 47001",Dearborn,South Dearborn Community School Corporation,"c(-84.9325662, 39.0631857)"
1620,Lawrenceburg Community School Corporation,School Corporation,"300 Tiger Blvd, Lawrenceburg, IN, 47025",Dearborn,Lawrenceburg Community School Corporation,"c(-84.8523647, 39.1005011)"
1655,Decatur County Community Schools,School Corporation,"2020 N Montgomery Rd, Greensburg, IN, 47240",Decatur,Greensburg Community Schools,"c(-85.4695443, 39.3576501)"
1730,Greensburg Community Schools,School Corporation,"1312 W Westridge Pky, Greensburg, IN, 47240",Decatur,Greensburg Community Schools,"c(-85.5025371, 39.3529482)"
1805,DeKalb County Eastern Community School District,School Corporation,"300 E Washington St, Butler, IN, 46721",Dekalb,DeKalb County Eastern Community School District,"c(-84.8683436, 41.4313289)"
1820,Garrett-Keyser-Butler Community School Corporation,School Corporation,"801 E Houston St, Garrett, IN, 46738",Dekalb,Garrett-Keyser-Butler Community Schools,"c(-85.1266549, 41.3473204)"
1835,DeKalb County Central United School District,School Corporation,"3326 CR 427, Waterloo, IN, 46793",Dekalb,DeKalb County Central United School District,"c(-85.0387871, 41.4094612)"
1875,Delaware Community School Corporation,School Corporation,"9750 N CR 200 E, Muncie, IN, 47303",Delaware,Muncie Community Schools,"c(-85.3863599, 40.1933767)"
1885,Wes-Del Community Schools,School Corporation,"10290 N CR 600 W, Gaston, IN, 47342",Delaware,Wes-Del Community Schools,"c(-85.4994192, 40.2827958)"
1895,Liberty-Perry Community School Corporation,School Corporation,"Box 337, Selma, IN, 47383",Delaware,Liberty-Perry Community School Corporation,"c(-85.2929384, 40.1521403)"
1900,Cowan Community School Corporation,School Corporation,"9401 S Nottingham, Muncie, IN, 47302",Delaware,Cowan Community School Corporation,"c(-85.3931312, 40.1080198)"
1910,Yorktown Community Schools,School Corporation,"2311 S Broadway St, Yorktown, IN, 47396",Delaware,Yorktown Community Schools,"c(-85.4932738, 40.1719843)"
1940,Daleville Community Schools,School Corporation,"14300 W 2nd St, Daleville, IN, 47334",Delaware,Daleville Community Schools,"c(-85.5551793, 40.119923)"
1970,Muncie Community Schools,School Corporation,"4301 S. Cowan Road, Muncie, IN, 47303",Delaware,Muncie Community Schools,"c(-85.4057523, 40.1545906)"
2040,Northeast Dubois County School Corporation,School Corporation,"5379 E Main St Box 158, Dubois, IN, 47527",Dubois,Northeast Dubois County School Corporation,"c(-86.805904, 38.445571)"
2100,Southeast Dubois County School Corporation,School Corporation,"432 E 15th St, Ferdinand, IN, 47532",Dubois,Southeast Dubois County School Corporation,"c(-86.8573482, 38.2289015)"
2110,Southwest Dubois County School Corporation,School Corporation,"105 West Sunset Drive, Huntingburg, IN, 47542",Dubois,Southwest Dubois County School Corporation,"c(-86.9611558, 38.2767247)"
2120,Greater Jasper Consolidated Schools,School Corporation,"1520 St Charles St Suite 1, Jasper, IN, 47546",Dubois,Greater Jasper Consolidated Schools,"c(-86.9514748, 38.4006147)"
2155,Fairfield Community Schools,School Corporation,"67240 CR 31, Goshen, IN, 46528",Elkhart,Fairfield Community Schools,"c(-85.769062, 41.5197842)"
2260,Baugo Community Schools,School Corporation,"29125 CR 22 W, Elkhart, IN, 46517",Elkhart,Baugo Community Schools,"c(-86.0247882, 41.6358153)"
2270,Concord Community Schools,School Corporation,"59040 Minuteman Way, Elkhart, IN, 46517",Elkhart,Concord Community Schools,"c(-85.9277509, 41.6374023)"
2275,Middlebury Community Schools,School Corporation,"56853 Northridge Dr, Middlebury, IN, 46540",Elkhart,Middlebury Community Schools,"c(-85.7259625, 41.6704882)"
2285,Wa-Nee Community Schools,School Corporation,"1300 N Main St, Nappanee, IN, 46550",Elkhart,Wa-Nee Community Schools,"c(-86.0022306, 41.4532945)"
2305,Elkhart Community Schools,School Corporation,"2720 California Rd, Elkhart, IN, 46514",Elkhart,Elkhart Community Schools,"c(-86.0165091, 41.6960755)"
2315,Goshen Community Schools,School Corporation,"613 E Purl St, Goshen, IN, 46526",Elkhart,Goshen Community Schools,"c(-85.8255055, 41.5800861)"
2395,Fayette County School Corporation,School Corporation,"1401 Spartan Drive, Connersville, IN, 47331",Fayette,Fayette County School Corporation,"c(-85.1654536, 39.631994)"
2400,New Albany-Floyd County Consolidated School,School Corporation,"2813 Grant Line PO Box 1087, New Albany, IN, 47150",Floyd,New Albany-Floyd County Consolidated Schools,"c(-85.8215136, 38.3176595)"
2435,Attica Consolidated School Corporation,School Corporation,"205 E Sycamore St, Attica, IN, 47918",Fountain,Attica Consolidated School Corporation,"c(-87.2538932, 40.2797504)"
2440,Covington Community School Corporation,School Corporation,"601 Market St, Covington, IN, 47932",Fountain,Covington Community School Corporation,"c(-87.3948857, 40.1442618)"
2455,Southeast Fountain School Corporation,School Corporation,"744 E US Hwy 136, Veedersburg, IN, 47987",Fountain,Southeast Fountain School Corporation,"c(-87.2260678, 40.1060057)"
2475,Franklin County Community School Corporation,School Corporation,"225 E 10th St, Brookville, IN, 47012",Franklin,Franklin County Community School Corporation,"c(-85.0101082, 39.4258273)"
2645,Rochester Community School Corporation,School Corporation,"690 Zebra Ln Box 108, Rochester, IN, 46975",Fulton,Rochester Community School Corporation,"c(-86.224814, 41.0555088)"
2650,Caston School Corporation,School Corporation,"9815 S State Rd 25, Rochester, IN, 46975",Fulton,Caston School Corporation,"c(-86.2822388, 40.9117014)"
2725,East Gibson School Corporation,School Corporation,"941 S. Franklin St., Oakland City, IN, 47660",Gibson,East Gibson School Corporation,"c(-87.3511626, 38.3301977)"
2735,North Gibson School Corporation,School Corporation,"1104 N Embree St, Princeton, IN, 47670",Gibson,North Gibson School Corporation,"c(-87.5797401, 38.3664824)"
2765,South Gibson School Corporation,School Corporation,"3321 W 800 S, Fort Branch, IN, 47648",Gibson,South Gibson School Corporation,"c(-87.7346618, 38.2379076)"
2815,Eastbrook Community School Corporation,School Corporation,"CR 560 S 900 E, Marion, IN, 46953",Grant,Eastbrook Community School Corporation,"c(-85.5047347, 40.5449593)"
2825,Madison-Grant United School Corporation,School Corporation,"11580 S/E 00 W, Fairmount, IN, 46928",Grant,Madison-Grant United School Corporation,"c(-85.6719567, 40.4219101)"
2855,Mississinewa Community School Corporation,School Corporation,"424 E S 'A' St, Gas City, IN, 46933",Grant,Mississinewa Community School Corporation,"c(-85.6080034, 40.4865732)"
2865,Marion Community Schools,School Corporation,"750 W 26th St, Marion, IN, 46953",Grant,Marion Community Schools,"c(-85.6686617, 40.5379222)"
2920,Bloomfield School District,School Corporation,"501 W Spring St., Bloomfield, IN, 47424",Greene,Bloomfield School District,"c(-86.9458888, 39.0253854)"
2940,Eastern Greene Schools,School Corporation,"1471 N SR 43, Bloomfield, IN, 47424",Greene,Eastern Greene County School District,"c(-86.7447151, 39.043309)"
2950,Linton-Stockton School Corporation,School Corporation,"109 I Street NE, Linton, IN, 47441",Greene,Linton-Stockton School Corporation,"c(-87.1647168, 39.0412944)"
2960,Metropolitan School District Shakamak Schools,School Corporation,"9233 Shakamak School Rd, Jasonville, IN, 47438",Greene,Shakamak Schools Metropolitan School District,"c(-87.2123124, 39.1595628)"
2980,White River Valley School District,School Corporation,"PO Box 1470, Switz City, IN, 47465",Greene,White River Valley School District,"c(-87.0824045, 39.0555427)"
3005,Hamilton Southeastern Schools,School Corporation,"13485 Cumberland Rd, Fishers, IN, 46038",Hamilton,Hamilton Southeastern Schools,"c(-85.9951648, 39.9847309)"
3025,Hamilton Heights School Corporation,School Corporation,"PO Box 469, Arcadia, IN, 46030",Hamilton,Hamilton Heights School Corporation,"c(-85.9917437, 40.1783877)"
3030,Westfield-Washington Schools,School Corporation,"19500 Tomlinson Rd., Westfield, IN, 46074",Hamilton,Westfield-Washington Schools,"c(-86.1388649, 40.0709784)"
3055,Sheridan Community Schools,School Corporation,"24795 N Hinesley Rd, Sheridan, IN, 46069",Hamilton,Sheridan Community Schools,"c(-86.2167232, 40.1470545)"
3060,Carmel Clay Schools,School Corporation,"5201 E Main St, Carmel, IN, 46033",Hamilton,Carmel Clay Schools,"c(-86.0810734, 39.9777936)"
3070,Noblesville Schools,School Corporation,"18025 River Ave, Noblesville, IN, 46062",Hamilton,Noblesville Schools,"c(-86.0290815, 40.0496787)"
3115,Southern Hancock County Community School Corporation,School Corporation,"PO Box 508, New Palestine, IN, 46163",Hancock,Southern Hancock County Community School Corporation,"c(-85.8690933, 39.7228776)"
3125,Greenfield-Central Community Schools,School Corporation,"110 W North St, Greenfield, IN, 46140",Hancock,Greenfield-Central Community Schools,"c(-85.77119, 39.7864275)"
3135,Mt Vernon Community School Corporation,School Corporation,"1806 W SR 234, Fortville, IN, 46040",Hancock,Mount Vernon Community School Corporation,"c(-85.8401638, 39.9010796)"
3145,Eastern Hancock County Community School Corporation,School Corporation,"10370 E 250 N, Charlottesville, IN, 46117",Hancock,Eastern Hancock County Community School Corporation,"c(-85.6096814, 39.8237477)"
3160,Lanesville Community School Corporation,School Corporation,"2725 Crestview Ave NE, Lanesville, IN, 47136",Harrison,Lanesville Community School Corporation,"c(-85.9891043, 38.2390105)"
3180,North Harrison Community School Corporation,School Corporation,"1260 Hwy 64 NW, Ramsey, IN, 47166",Harrison,North Harrison Community School Corporation,"c(-86.1548269, 38.3169506)"
3190,South Harrison Community Schools,School Corporation,"315 S Harrison Dr, Corydon, IN, 47112",Harrison,South Harrison Community Schools,"c(-86.1216513, 38.2028812)"
3295,North West Hendricks Schools,School Corporation,"Box 70, Lizton, IN, 46149",Hendricks,North West Hendricks Schools,"c(-86.5602614, 39.8687659)"
3305,Brownsburg Community School Corporation,School Corporation,"310 Stadium Dr, Brownsburg, IN, 46112",Hendricks,Brownsburg Community School Corporation,"c(-86.3896893, 39.8385959)"
3315,Avon Community School Corporation,School Corporation,"7203 E US Hwy 36, Avon, IN, 46123",Hendricks,Avon Community School Corporation,"c(-86.3946401, 39.7615222)"
3325,Danville Community School Corporation,School Corporation,"200 Warrior Way, Danville, IN, 46122",Hendricks,Danville Community School Corporation,"c(-86.5417385, 39.7589461)"
3330,Plainfield Community School Corporation,School Corporation,"985 S Longfellow Dr, Plainfield, IN, 46168",Hendricks,Plainfield Community School Corporation,"c(-86.395591, 39.6942116)"
3335,Mill Creek Community School Corporation,School Corporation,"6631 S CR 200 W, Clayton, IN, 46118",Hendricks,Mill Creek Community School Corporation,"c(-86.5596739, 39.6646095)"
3405,Blue River Valley Schools,School Corporation,"3038 US Highway 36 East, New Castle, IN, 47362",Henry,Blue River Valley Schools,"c(-85.3270225, 40.0048833)"
3415,South Henry School Corporation,School Corporation,"6972 S SR 103, Straughn, IN, 47387",Henry,South Henry School Corporation,"c(-85.3342973, 39.8260342)"
3435,Shenandoah School Corporation,School Corporation,"5100 N Raider Rd, Middletown, IN, 47356",Henry,Shenandoah School Corporation,"c(-85.5256986, 40.0059389)"
3445,New Castle Community School Corporation,School Corporation,"322 Elliott Ave, New Castle, IN, 47362",Henry,New Castle Community School Corporation,"c(-85.3802579, 39.9261015)"
3455,C A Beard Memorial School Corporation,School Corporation,"8139 W US 40, Knightstown, IN, 46148",Henry,C. A. Beard Memorial School Corporation,"c(-85.5874135, 39.7921207)"
3460,Taylor Community School Corporation,School Corporation,"3750 E CR 300 S, Kokomo, IN, 46902",Howard,Taylor Community School Corporation,"c(-86.0551143, 40.4346825)"
3470,Northwestern School Corporation,School Corporation,"3075 N Washington St, Kokomo, IN, 46901",Howard,Northwestern School Corporation,"c(-86.1283246, 40.5212211)"
3480,Eastern Howard School Corporation,School Corporation,"221 W Main Suite One, Greentown, IN, 46936",Howard,Eastern Howard School Corporation,"c(-85.9687585, 40.4776822)"
3490,Western School Corporation,School Corporation,"2600 S 600 W, Russiaville, IN, 46979",Howard,Western School Corporation,"c(-86.2433462, 40.4372676)"
3500,Kokomo School Corporation,School Corporation,"1500 S Washington PO Box 2188, Kokomo, IN, 46904",Howard,Kokomo-Center Township Consolidated School Corporation,"c(-86.1327501, 40.4688951)"
3625,Huntington County Community School Corporation,School Corporation,"1063 E 900 S, Warren, IN, 46792",Huntington,Huntington County Community School Corporation,"c(-85.427556, 40.695733)"
3640,Medora Community School Corporation,School Corporation,"PO Box 369, Medora, IN, 47260",Jackson,Medora Community School Corporation,"c(-86.1955169, 38.8215176)"
3675,Seymour Community Schools,School Corporation,"1420 Corporate Way, Seymour, IN, 47274",Jackson,Seymour Community Schools,"c(-85.909929, 38.9485714)"
3695,Brownstown Central Community School Corporation,School Corporation,"608 W Commerce St, Brownstown, IN, 47220",Jackson,Brownstown Central Community School Corporation,"c(-86.0494652, 38.878108)"
3710,Crothersville Community Schools,School Corporation,"201 S Preston St, Crothersville, IN, 47229",Jackson,Crothersville Community Schools,"c(-85.8360541, 38.7963604)"
3785,Kankakee Valley School Corporation,School Corporation,"PO Box 278, Wheatfield, IN, 46392",Jasper,Kankakee Valley School Corporation,"c(-87.1023746, 41.2043542)"
3815,Rensselaer Central School Corporation,School Corporation,"900 E Washington St, Rensselaer, IN, 47978",Jasper,Rensselaer Central School Corporation,"c(-87.1405929, 40.9385132)"
3945,Jay School Corporation,School Corporation,"1976 W Tyson Rd, Portland, IN, 47371",Jay,Jay School Corporation,"c(-85.0056064, 40.4323188)"
3995,Madison Consolidated Schools,School Corporation,"2421 Wilson Ave, Madison, IN, 47250",Jefferson,Madison Consolidated Schools,"c(-85.4069225, 38.7726834)"
4000,Southwestern-Jefferson County Consolidated,School Corporation,"239 S Main Cross St, Hanover, IN, 47243",Jefferson,Southwestern Jefferson County Consolidated Schools,"c(-85.4735702, 38.7078324)"
4015,Jennings County School Corporation,School Corporation,"34 Main St, North Vernon, IN, 47265",Jennings,Jennings County Schools,"c(-85.684578, 38.9914998)"
4145,Clark-Pleasant Community School Corporation,School Corporation,"50 Center St, Whiteland, IN, 46184",Johnson,Clark-Pleasant Community School Corporation,"c(-86.0805654, 39.5507448)"
4205,Center Grove Community School Corporation,School Corporation,"4800 W Stones Crossing Rd, Greenwood, IN, 46143",Johnson,Center Grove Community School Corporation,"c(-86.1905516, 39.5779146)"
4215,Edinburgh Community School Corporation,School Corporation,"202 S Keeley St, Edinburgh, IN, 46124",Johnson,Edinburgh Community School Corporation,"c(-85.9699743, 39.3529052)"
4225,Franklin Community School Corporation,School Corporation,"998 Grizzly Cub Dr, Franklin, IN, 46131",Johnson,Franklin Community School Corporation,"c(-86.063427, 39.4903895)"
4245,Greenwood Community School Corporation,School Corporation,"605 W Smith Valley Rd, Greenwood, IN, 46142",Johnson,Greenwood Community School Corporation,"c(-86.1164736, 39.6056678)"
4255,Nineveh-Hensley-Jackson United,School Corporation,"802 S Indian Creek Dr, Trafalgar, IN, 46181",Johnson,Nineveh-Hensley-Jackson United School Corporation,"c(-86.1586123, 39.4097109)"
4315,North Knox School Corporation,School Corporation,"11110 N SR 159, Bicknell, IN, 47512",Knox,North Knox School Corporation,"c(-87.30964, 38.7910527)"
4325,South Knox School Corporation,School Corporation,"6116 E SR 61, Vincennes, IN, 47591",Knox,South Knox School Corporation,"c(-87.4236546, 38.6364312)"
4335,Vincennes Community School Corporation,School Corporation,"1712 S Quail Run Road, Vincennes, IN, 47591",Knox,Vincennes Community School Corporation,"c(-87.4957085, 38.6507891)"
4345,Wawasee Community School Corporation,School Corporation,"801 S Sycamore St, Syracuse, IN, 46567",Kosciusko,Wawasee Community School Corporation,"c(-85.7494001, 41.4139526)"
4415,Warsaw Community Schools,School Corporation,"PO Box 288, Warsaw, IN, 46581",Kosciusko,Warsaw Community Schools,"c(-85.80766, 41.2448875)"
4445,Tippecanoe Valley School Corporation,School Corporation,"8343 S SR 19, Akron, IN, 46910",Kosciusko,Tippecanoe Valley School Corporation,"c(-86.0387963, 41.1111561)"
4455,Whitko Community School Corporation,School Corporation,"710 N SR 5, Suite B, Larwill, IN, 46764",Whitley,Whitko Community School Corporation,"c(-85.643487, 41.1585232)"
4515,Prairie Heights Community School Corporation,School Corporation,"0305 S 1150 E, LaGrange, IN, 46761",Lagrange,Prairie Heights Community School Corporation,"c(-85.2008972, 41.6388854)"
4525,Westview School Corporation,School Corporation,"1545 S 600 W, Topeka, IN, 46571",Lagrange,Westview School Corporation,"c(-85.5397301, 41.6173213)"
4535,Lakeland School Corporation,School Corporation,"0825 E 075 N, LaGrange, IN, 46761",Lagrange,Lakeland School Corporation,"c(-85.4089215, 41.6542855)"
4580,Hanover Community School Corporation,School Corporation,"PO Box 645, Cedar Lake, IN, 46303",Lake,Hanover Community School Corporation,"c(-87.4802068, 41.3937315)"
4590,River Forest Community School Corporation,School Corporation,"3250 Michigan St, Hobart, IN, 46342",Lake,River Forest Community School Corporation,"c(-87.2750062, 41.5585442)"
4600,Merrillville Community School Corporation,School Corporation,"6701 Delaware St, Merrillville, IN, 46410",Lake,Merrillville Community School,"c(-87.330302, 41.4966412)"
4615,Lake Central School Corporation,School Corporation,"8260 Wicker Ave, Saint John, IN, 46373",Lake,Lake Central School Corporation,"c(-87.4726808, 41.4669846)"
4645,Tri-Creek School Corporation,School Corporation,"19290 Cline Avenue, Lowell, IN, 46356",Lake,Tri-Creek School Corporation,"c(-87.4294058, 41.2170965)"
4650,Lake Ridge New Technology Schools,School Corporation,"6111 W Ridge Rd, Gary, IN, 46408",Lake,Lake Ridge Schools,"c(-87.411893, 41.5487228)"
4660,Crown Point Community School Corporation,School Corporation,"200 E North St, Crown Point, IN, 46307",Lake,Crown Point Community School Corporation,"c(-87.3626769, 41.4206147)"
4670,School City of East Chicago,School Corporation,"1401 E 144th Street, East Chicago, IN, 46312",Lake,City of East Chicago School District,"c(-87.4532462, 41.6330037)"
4680,Lake Station Community Schools,School Corporation,"2500 Pike St, Lake Station, IN, 46405",Lake,Lake Station Community Schools,"c(-87.2447721, 41.5726247)"
4690,Gary Community School Corporation,School Corporation,"PO Box 4608, Gary, IN, 46404",Lake,Gary Community School Corporation,"c(-87.3512913, 41.6007075)"
4700,Griffith Public Schools,School Corporation,"601 N Raymond, Griffith, IN, 46319",Lake,Griffith Public Schools,"c(-87.4345849, 41.5320369)"
4710,School City of Hammond,School Corporation,"41 Williams Street, Hammond, IN, 46320",Lake,Hammond School City,"c(-87.5242432, 41.6113681)"
4720,School Town of Highland,School Corporation,"9145 Kennedy Ave, Highland, IN, 46322",Lake,Highland School Town,"c(-87.4608613, 41.5468806)"
4730,School City of Hobart,School Corporation,"32 E 7th St, Hobart, IN, 46342",Lake,Hobart School City,"c(-87.2583105, 41.5275117)"
4740,School Town of Munster,School Corporation,"8616 Columbia Ave, Munster, IN, 46321",Lake,Munster School Town,"c(-87.5016443, 41.5582966)"
4760,School City of Whiting,School Corporation,"1500 Center St, Whiting, IN, 46394",Lake,Whiting School City,"c(-87.4904953, 41.6814583)"
4805,New Prairie United School Corporation,School Corporation,"5327 N Cougar Rd, New Carlisle, IN, 46552",LaPorte,New Prairie United School Corporation,"c(-86.5639615, 41.6830983)"
4860,Metropolitan School District of New Durham Township,School Corporation,"207 E Valparaiso St, Westville, IN, 46391",LaPorte,New Durham Township Metropolitan School District,"c(-86.8938787, 41.5420097)"
4915,Tri-Township Consolidated School Corporation,School Corporation,"PO Box 249, Wanatah, IN, 46390",LaPorte,Tri-Township Consolidated School Corporation,"c(-86.8621827, 41.3585564)"
4925,Michigan City Area Schools,School Corporation,"408 S Carroll Ave, Michigan City, IN, 46360",LaPorte,Michigan City Area Schools,"c(-86.8684232, 41.7059889)"
4940,South Central Community School Corporation,School Corporation,"9808 S 600 W, Union Mills, IN, 46382",LaPorte,South Central Community School Corporation,"c(-86.816215, 41.464207)"
4945,LaPorte Community School Corporation,School Corporation,"1921 'A' St, LaPorte, IN, 46350",LaPorte,La Porte Community School Corporation,"c(-86.7186185, 41.5889814)"
5075,North Lawrence Community Schools,School Corporation,"PO Box 729, Bedford, IN, 47421",Lawrence,North Lawrence Community Schools,"c(-86.4592091, 38.8924224)"
5085,Mitchell Community Schools,School Corporation,"441 N 8th St, Mitchell, IN, 47446",Lawrence,Mitchell Community Schools,"c(-86.4767183, 38.7360176)"
5245,Frankton-Lapel Community Schools,School Corporation,"7916 W 300 N, Anderson, IN, 46011",Madison,Frankton-Lapel Community Schools,"c(-85.8231239, 40.1497456)"
5255,South Madison Community School Corporation,School Corporation,"203 S Heritage Way, Pendleton, IN, 46064",Madison,South Madison Community School Corporation,"c(-85.7638416, 40.0007336)"
5265,Alexandria Community School Corporation,School Corporation,"800 N. Central, Alexandria, IN, 46001",Madison,Alexandria Community School Corporation,"c(-85.6815225, 40.2696425)"
5275,Anderson Community School Corporation,School Corporation,"1600 Hillcrest Ave, Anderson, IN, 46011",Madison,Anderson Community School Corporation,"c(-85.6984491, 40.1264238)"
5280,Elwood Community School Corporation,School Corporation,"1306 N Anderson St, Elwood, IN, 46036",Madison,Elwood Community School Corporation,"c(-85.8427141, 40.2918686)"
5300,Metropolitan School District Decatur Township,School Corporation,"5275 Kentucky Ave, Indianapolis, IN, 46221",Marion,Decatur Township Metropolitan School District,"c(-86.2770749, 39.686445)"
5310,Franklin Township Community School Corporation,School Corporation,"6141 S Franklin Rd, Indianapolis, IN, 46259",Marion,Franklin Township Community School Corporation,"c(-86.0181253, 39.6782549)"
5330,Metropolitan School District Lawrence Township,School Corporation,"6501 Sunnyside Rd, Indianapolis, IN, 46236",Marion,Lawrence Township Metropolitan School District,"c(-85.971256, 39.8775748)"
5340,Perry Township Schools,School Corporation,"6548 Orinoco Ave, Indianapolis, IN, 46227",Marion,Perry Township Metropolitan School District,"c(-86.136058, 39.6710606)"
5350,Metropolitan School District Pike Township,School Corporation,"6901 Zionsville Rd, Indianapolis, IN, 46268",Marion,Pike Township Metropolitan School District,"c(-86.2591214, 39.878646)"
5360,Metropolitan School District Warren Township,School Corporation,"975 N Post Rd, Indianapolis, IN, 46219",Marion,Warren Township Metropolitan School District,"c(-86.0086465, 39.7815456)"
5370,Metropolitan School District Washington Township,School Corporation,"8550 Woodfield Crossing Blvd, Indianapolis, IN, 46240",Marion,Washington Township Metropolitan School District,"c(-86.1244808, 39.9119226)"
5375,Metropolitan School District Wayne Township,School Corporation,"1220 S High Sch Rd, Indianapolis, IN, 46241",Marion,Wayne Township Metropolitan School District,"c(-86.2666463, 39.767184)"
5380,Beech Grove City Schools,School Corporation,"5334 Hornet Ave, Beech Grove, IN, 46107",Marion,Beech Grove City Schools,"c(-86.0766849, 39.7127396)"
5385,Indianapolis Public Schools,School Corporation,"120 E Walnut St, Indianapolis, IN, 46204",Marion,Indianapolis Public Schools,"c(-86.1545603, 39.7769924)"
5400,School Town of Speedway,School Corporation,"5300 Crawfordsville Rd, Speedway, IN, 46224",Marion,Speedway School Town,"c(-86.2515138, 39.7926132)"
5455,Culver Community Schools Corporation,School Corporation,"700 School Street, Culver, IN, 46511",Marshall,Culver Community Schools Corporation,"c(-86.4238357, 41.2228909)"
5470,Argos Community Schools,School Corporation,"500 Yearick Ave, Argos, IN, 46501",Marshall,Argos Community Schools,"c(-86.2485037, 41.2376393)"
5480,Bremen Public Schools,School Corporation,"512 W Grant St, Bremen, IN, 46506",Marshall,Bremen Public Schools,"c(-86.1519845, 41.4429108)"
5485,Plymouth Community School Corporation,School Corporation,"611 Berkley St, Plymouth, IN, 46563",Marshall,Plymouth Community School Corporation,"c(-86.3020376, 41.3461273)"
5495,Triton School Corporation,School Corporation,"100 Triton Dr, Bourbon, IN, 46504",Marshall,Triton School Corporation,"c(-86.1112827, 41.3010524)"
5520,Shoals Community School Corporation,School Corporation,"11741 Ironton Rd, Shoals, IN, 47581",Martin,Shoals Community School Corporation,"c(-86.7768572, 38.6681)"
5525,Loogootee Community School Corporation,School Corporation,"P O Box 282, Loogootee, IN, 47553",Martin,Loogootee Community School Corporation,"c(-86.8621827, 38.8203753)"
5615,Maconaquah School Corporation,School Corporation,"7932 S Strawtown Pike, Bunker Hill, IN, 46914",Miami,Maconaquah School Corporation,"c(-86.059771, 40.6511411)"
5620,North Miami Community Schools,School Corporation,"394 E 900 N, Denver, IN, 46926",Miami,North Miami Community Schools,"c(-86.0682605, 40.8958123)"
5625,Oak Hill United School Corporation,School Corporation,"1474 N 800 W, PO Box 550, Converse, IN, 46919",Grant,Oak Hill United School Corporation,"c(-85.825373, 40.5732061)"
5635,Peru Community Schools,School Corporation,"35 W 3rd St, Peru, IN, 46970",Miami,Peru Community Schools,"c(-86.0693488, 40.7522667)"
5705,Richland-Bean Blossom Community School Corporation,School Corporation,"600 S Edgewood Dr, Ellettsville, IN, 47429",Monroe,Richland-Bean Blossom Community School Corporation,"c(-86.633711, 39.2361338)"
5740,Monroe County Community School Corporation,School Corporation,"315 E North Dr, Bloomington, IN, 47401",Monroe,Monroe County Community School Corporation,"c(-86.5305985, 39.1449503)"
5835,North Montgomery Community School Corporation,School Corporation,"480 W 580 N, Crawfordsville, IN, 47933",Montgomery,North Montgomery Community School Corporation,"c(-86.9131124, 40.1236215)"
5845,South Montgomery Community School Corporation,School Corporation,"PO Box 8, New Market, IN, 47965",Montgomery,South Montgomery Community School Corporation,"c(-86.7818523, 39.9777608)"
5855,Crawfordsville Community Schools,School Corporation,"1000 Fairview Ave, Crawfordsville, IN, 47933",Montgomery,Crawfordsville Community Schools,"c(-86.8882403, 40.0456096)"
5900,Monroe-Gregg School District,School Corporation,"135 S Chestnut St, Monrovia, IN, 46157",Morgan,Monroe-Gregg School District,"c(-86.4776288, 39.5760431)"
5910,Eminence Community School Corporation,School Corporation,"PO Box 135, Eminence, IN, 46125",Morgan,Eminence Community School Corporation,"c(-86.6006249, 39.4989766)"
5925,Metropolitan School District Martinsville Schools,School Corporation,"PO Box 1416, Martinsville, IN, 46151",Morgan,Martinsville Schools Metropolitan School District,"c(-86.4592091, 39.3913252)"
5930,Mooresville Consolidated School Corporation,School Corporation,"11 W Carlisle St, Mooresville, IN, 46158",Morgan,Mooresville Consolidated School Corporation,"c(-86.3799428, 39.6170144)"
5945,North Newton School Corporation,School Corporation,"PO Box 8, Morocco, IN, 47963",Newton,North Newton School Corporation,"c(-87.4207518, 41.0509537)"
5995,South Newton School Corporation,School Corporation,"13232 S 50 E, Kentland, IN, 47951",Newton,South Newton School Corporation,"c(-87.3829344, 40.8059927)"
6055,Central Noble Community School Corporation,School Corporation,"200 E Main St, Albion, IN, 46701",Noble,Central Noble Community School Corporation,"c(-85.4223393, 41.3954086)"
6060,East Noble School Corporation,School Corporation,"126 W Rush St, Kendallville, IN, 46755",Noble,East Noble School Corporation,"c(-85.266279, 41.441375)"
6065,West Noble School Corporation,School Corporation,"5050 N US 33, Ligonier, IN, 46767",Noble,West Noble School Corporation,"c(-85.5816829, 41.4259194)"
6080,Rising Sun-Ohio County Community,School Corporation,"110 S Henrietta St, Rising Sun, IN, 47040",Ohio,Rising Sun-Ohio County Community Schools,"c(-84.8589914, 38.9506064)"
6145,Orleans Community Schools,School Corporation,"173 W Marley St, Orleans, IN, 47452",Orange,Orleans Community Schools,"c(-86.4545279, 38.6687848)"
6155,Paoli Community School Corporation,School Corporation,"501 Elm St - Ofc Supt, Paoli, IN, 47454",Orange,Paoli Community School Corporation,"c(-86.47701, 38.5497709)"
6160,Springs Valley Community School Corporation,School Corporation,"498 S Larry Bird Blvd, French Lick, IN, 47432",Orange,Springs Valley Community School Corporation,"c(-86.6169637, 38.5489744)"
6195,Spencer-Owen Community Schools,School Corporation,"205 E Hillside, Spencer, IN, 47460",Owen,Spencer-Owen Community Schools,"c(-86.7603009, 39.2899403)"
6260,Southwest Parke Community School Corporation,School Corporation,"4851 S Coxville Rd, Montezuma, IN, 47862",Parke,Southwest Parke Community School Corporation,"c(-87.324697, 39.698077)"
6325,Perry Central Community Schools Corporation,School Corporation,"18677 Old SR 37, Leopold, IN, 47551",Perry,Perry Central Community School Corporation,"c(-86.60415, 38.111347)"
6340,Cannelton City Schools,School Corporation,"109 S Third St, Cannelton, IN, 47520",Perry,Cannelton City Schools,"c(-86.7438865, 37.9102913)"
6350,Tell City-Troy Township School Corporation,School Corporation,"837 17th St, Tell City, IN, 47586",Perry,Tell City-Troy Township School Corporation,"c(-86.7215175, 37.9541186)"
6375,North Central Parke Comm School Corporation,School Corporation,"602 Howard Ave, Rockville, IN, 47872",Parke,North Central Parke Community School Corporation,"c(-87.2341978, 39.7679216)"
6445,Pike County School Corporation,School Corporation,"211 South 12th St, Petersburg, IN, 47567",Pike,Pike County School Corporation,"c(-87.2772225, 38.4918217)"
6460,Metropolitan School District Boone Township,School Corporation,"307 S Main St, Hebron, IN, 46341",Porter,Boone Township Metropolitan School District,"c(-87.1977404, 41.316463)"
6470,Duneland School Corporation,School Corporation,"601 W Morgan Ave, Chesterton, IN, 46304",Porter,Duneland School Corporation,"c(-87.059963, 41.6087847)"
6510,East Porter County School Corporation,School Corporation,"502 E College Ave - PO Box 370, Kouts, IN, 46347",Porter,East Porter County School Corporation,"c(-87.0306651, 41.3148356)"
6520,Porter Township School Corporation,School Corporation,"248 S 500 W, Valparaiso, IN, 46385",Porter,Porter Township School Corporation,"c(-87.1620456, 41.3986726)"
6530,Union Township School Corporation,School Corporation,"599 W 300 N Suite A, Valparaiso, IN, 46385",Porter,Union Township School Corporation,"c(-87.1471679, 41.506501)"
6550,Portage Township Schools,School Corporation,"6240 US Hwy 6, Portage, IN, 46368",Porter,Portage Township Schools,"c(-87.1723984, 41.5516742)"
6560,Valparaiso Community Schools,School Corporation,"3801 N Campbell St, Valparaiso, IN, 46385",Porter,Valparaiso Community Schools,"c(-87.0672163, 41.5021938)"
6590,Metropolitan School District Mount Vernon,School Corporation,"1000 W 4th St, Mount Vernon, IN, 47620",Posey,Mount Vernon Metropolitan School District,"c(-87.906771, 37.9290206)"
6600,Metropolitan School District North Posey County Schools,School Corporation,"101 N Church St, Poseyville, IN, 47633",Posey,North Posey County Schools Metropolitan School District,"c(-87.7847782, 38.1725346)"
6620,Eastern Pulaski Community School Corporation,School Corporation,"711 School Dr, Winamac, IN, 46996",Pulaski,Eastern Pulaski Community School Corporation,"c(-86.5975057, 41.0462349)"
6630,West Central School Corporation,School Corporation,"PO Box 578, Francesville, IN, 47946",Pulaski,West Central School Corporation,"c(-86.8621827, 41.037141)"
6705,South Putnam Community Schools,School Corporation,"3999 S US Hwy 231, Greencastle, IN, 46135",Putnam,Greencastle Community School Corporation,"c(-86.8326309, 39.6026821)"
6715,North Putnam Community Schools,School Corporation,"PO Box 169-300 N Washington, Bainbridge, IN, 46105",Putnam,North Putnam Community Schools,"c(-86.812242, 39.7633013)"
6750,Cloverdale Community Schools,School Corporation,"310 E Logan, Cloverdale, IN, 46120",Putnam,Cloverdale Community Schools,"c(-86.7818523, 39.483443)"
6755,Greencastle Community School Corporation,School Corporation,"1002 Mill Pond Lane, Greencastle, IN, 46135",Putnam,Greencastle Community School Corporation,"c(-86.8403556, 39.6403188)"
6795,Union School Corporation,School Corporation,"8707 W US Hwy 36 PO Box 148, Modoc, IN, 47358",Randolph,Union School Corporation,"c(-85.1422848, 40.0453531)"
6805,Randolph Southern School Corporation,School Corporation,"1 Rebel Dr, Lynn, IN, 47355",Randolph,Randolph Southern School Corporation,"c(-84.981754, 40.0777761)"
6820,Monroe Central School Corporation,School Corporation,"1918 N CR 1000 W, Parker City, IN, 47368",Randolph,Monroe Central School Corporation,"c(-85.1997667, 40.1789583)"
6825,Randolph Central School Corporation,School Corporation,"103 N East St, Winchester, IN, 47394",Randolph,Randolph Central School Corporation,"c(-84.9799858, 40.1727455)"
6835,Randolph Eastern School Corporation,School Corporation,"731 N Plum St, Union City, IN, 47390",Randolph,Randolph Eastern School Corporation,"c(-84.8146277, 40.2055819)"
6865,South Ripley Community School Corporation,School Corporation,"PO Box 690, Versailles, IN, 47042",Ripley,South Ripley Community School Corporation,"c(-85.3136218, 39.0188511)"
6895,Batesville Community School Corporation,School Corporation,"PO Box 121, Batesville, IN, 47006",Ripley,Batesville Community School Corporation,"c(-85.2308414, 39.3475649)"
6900,Jac-Cen-Del Community School Corporation,School Corporation,"723 N Buckeye St, Osgood, IN, 47037",Ripley,Jac-Cen-Del Community School Corporation,"c(-85.293838, 39.1357353)"
6910,Milan Community Schools,School Corporation,"412 E Carr St, Milan, IN, 47031",Ripley,Milan Community Schools,"c(-85.1249073, 39.1204878)"
6995,Rush County Schools,School Corporation,"330 W 8th St, Rushville, IN, 46173",Rush,Rush County Schools,"c(-85.4487993, 39.6152638)"
7150,John Glenn School Corporation,School Corporation,"101 John Glenn Dr, Walkerton, IN, 46574",St Joseph,John Glenn School Corporation,"c(-86.4810434, 41.458001)"
7175,Penn-Harris-Madison School Corporation,School Corporation,"55900 Bittersweet Rd, Mishawaka, IN, 46545",St Joseph,Penn-Harris-Madison School Corporation,"c(-86.1086726, 41.6821092)"
7200,School City of Mishawaka,School Corporation,"1402 S Main St, Mishawaka, IN, 46544",St Joseph,Mishawaka School City,"c(-86.1793982, 41.6491237)"
7205,South Bend Community School Corporation,School Corporation,"215 Dr Martin Luther King Jr B, South Bend, IN, 46601",St Joseph,South Bend Community School Corporation,"c(-86.2491653, 41.6744808)"
7215,Union-North United School Corporation,School Corporation,"22601 Tyler Rd, Lakeville, IN, 46536",St Joseph,Union-North United School Corporation,"c(-86.3048487, 41.477562)"
7230,Scott County School District 1,School Corporation,"PO Box 9, Austin, IN, 47102",Scott,Scott County School District 1,"c(-85.7769164, 38.7549368)"
7255,Scott County School District 2,School Corporation,"375 E McClain Ave, Scottsburg, IN, 47170",Scott,Scott County School District 2,"c(-85.7663851, 38.6844525)"
7285,Shelby Eastern Schools,School Corporation,"2451 N 600 E, Shelbyville, IN, 46176",Shelby,Shelby Eastern Schools,"c(-85.6697994, 39.5616496)"
7350,Northwestern Consolidated School Corporation,School Corporation,"4920 W 600 N, Fairland, IN, 46126",Shelby,Northwestern Consolidated School Corporation,"c(-85.874304, 39.6107052)"
7360,Southwestern Consolidated School Shelby County,School Corporation,"3406 W 600 S, Shelbyville, IN, 46176",Shelby,Southwestern Shelby County Consolidated Schools,"c(-85.8456833, 39.4407966)"
7365,Shelbyville Central Schools,School Corporation,"1121 E State Road 44, Shelbyville, IN, 46176",Shelby,Shelbyville Central Schools,"c(-85.7599292, 39.5196499)"
7385,North Spencer County School Corporation,School Corporation,"PO Box 316, Lincoln City, IN, 47552",Spencer,North Spencer County School Corporation,"c(-86.9423801, 38.0658202)"
7445,South Spencer County School Corporation,School Corporation,"321 S 5th Street, Rockport, IN, 47635",Spencer,South Spencer County School Corporation,"c(-87.0511065, 37.8796483)"
7495,Oregon-Davis School Corporation,School Corporation,"5998 N 750 E, Hamlet, IN, 46532",Starke,Oregon-Davis School Corporation,"c(-86.5528269, 41.38923)"
7515,North Judson-San Pierre School Corporation,School Corporation,"801 Campbell Dr, North Judson, IN, 46366",Starke,North Judson-San Pierre School Corporation,"c(-86.7857718, 41.2110408)"
7525,Knox Community School Corporation,School Corporation,"2 Redskin Trl, Knox, IN, 46534",Starke,Knox Community School Corporation,"c(-86.624457, 41.2865936)"
7605,Fremont Community Schools,School Corporation,"PO Box 665, Fremont, IN, 46737",Steuben,Fremont Community Schools,"c(-84.9489958, 41.7312373)"
7610,Hamilton Community Schools,School Corporation,"903 S Wayne St, Hamilton, IN, 46742",Steuben,Hamilton Community Schools,"c(-84.919959, 41.522286)"
7615,Metropolitan School District Steuben County,School Corporation,"400 S Martha St, Angola, IN, 46703",Steuben,Steuben County Metropolitan School District,"c(-84.9984731, 41.6322289)"
7645,Northeast School Corporation,School Corporation,"PO Box 493, Hymera, IN, 47855",Sullivan,Northeast School Corporation,"c(-87.3957238, 39.1837876)"
7715,Southwest School Corporation,School Corporation,"PO Box 510, Sullivan, IN, 47882",Sullivan,Southwest School Corporation,"c(-87.4207518, 39.0843122)"
7775,Switzerland County School Corporation,School Corporation,"1040 W Main St, Vevay, IN, 47043",Switzerland,Switzerland County School Corporation,"c(-85.0844019, 38.7387551)"
7855,Lafayette School Corporation,School Corporation,"2300 Cason St, Lafayette, IN, 47904",Tippecanoe,Lafayette School Corporation,"c(-86.8712844, 40.4222831)"
7865,Tippecanoe School Corporation,School Corporation,"21 Elston Rd, Lafayette, IN, 47909",Tippecanoe,Tippecanoe School Corporation,"c(-86.90429, 40.3923331)"
7875,West Lafayette Community School Corporation,School Corporation,"1130 N Salisbury, West Lafayette, IN, 47906",Tippecanoe,West Lafayette Community School Corporation,"c(-86.9055935, 40.4370751)"
7935,Tri-Central Community Schools,School Corporation,"4774 N 200 W, Sharpsville, IN, 46068",Tipton,Tipton County Northern Community School Corporation,"c(-86.0536605, 40.3756544)"
7945,Tipton Community School Corporation,School Corporation,"1051 S Main St, Tipton, IN, 46072",Tipton,Tipton Community School Corporation,"c(-86.0399007, 40.2722284)"
7950,Union County/Clg Corner Joint School District,School Corporation,"107 S Layman St, Liberty, IN, 47353",Union,Union County-College Corner Joint School District,"c(-84.9171539, 39.6367448)"
7995,Evansville Vanderburgh School Corporation,School Corporation,"951 Walnut St, Evansville, IN, 47713",Vanderburgh,Evansville-Vanderburgh School Corporation,"c(-87.5635528, 37.9725911)"
8010,North Vermillion Community School Corporation,School Corporation,"5551 N Falcon Dr, Cayuga, IN, 47928",Vermillion,North Vermillion Community School Corporation,"c(-87.4519935, 39.9669621)"
8020,South Vermillion Community School Corporation,School Corporation,"PO Box 387, Clinton, IN, 47842",Vermillion,South Vermillion Community School Corporation,"c(-87.4405786, 39.7268394)"
8030,Vigo County School Corporation,School Corporation,"PO Box 3703, Terre Haute, IN, 47803",Vigo,Vigo County School Corporation,"c(-87.4207518, 39.4165382)"
8045,Manchester Community Schools,School Corporation,"404 W Ninth St, N Manchester, IN, 46962",Wabash,Manchester Community Schools,"c(-85.7758999, 41.009895)"
8050,Metropolitan School District Wabash County Schools,School Corporation,"204 N 300 W, Wabash, IN, 46992",Wabash,Wabash County Schools Metropolitan School District,"c(-85.8492946, 40.8278251)"
8060,Wabash City Schools,School Corporation,"189 W Market St, Wabash, IN, 46992",Wabash,Wabash City Schools,"c(-85.823625, 40.796447)"
8115,Metropolitan School District Warren County,School Corporation,"101 N Monroe St, Williamsport, IN, 47993",Warren,Warren County Metropolitan School District,"c(-87.2937518, 40.2872342)"
8130,Warrick County School Corporation,School Corporation,"PO Box 809, Boonville, IN, 47601",Warrick,Warrick County School Corporation,"c(-87.2618328, 38.0736703)"
8205,Salem Community Schools,School Corporation,"500 N Harrison St, Salem, IN, 47167",Washington,Salem Community Schools,"c(-86.1054457, 38.6140167)"
8215,East Washington School Corporation,School Corporation,"1050 N Eastern School Rd, Pekin, IN, 47165",Washington,East Washington School Corporation,"c(-86.0014731, 38.5146014)"
8220,West Washington School Corporation,School Corporation,"8026 W Batt Rd, Campbellsburg, IN, 47108",Washington,West Washington School Corporation,"c(-86.2341519, 38.5835549)"
8305,Nettle Creek School Corporation,School Corporation,"297 E Northmarket St, Hagerstown, IN, 47346",Wayne,Nettle Creek School Corporation,"c(-85.1583343, 39.9123225)"
8355,Western Wayne Schools,School Corporation,"519 Queen St., Pershing, IN, 47370",Wayne,Western Wayne Schools,"c(-85.1373986, 39.8143106)"
8360,Centerville-Abington Community Schools,School Corporation,"115 W South St, Centerville, IN, 47330",Wayne,Centerville-Abington Community Schools,"c(-84.9977135, 39.8144717)"
8375,Northeastern Wayne Schools,School Corporation,"PO Box 406, Fountain City, IN, 47341",Wayne,Northeastern Wayne Schools,"c(-84.9193082, 39.9317436)"
8385,Richmond Community Schools,School Corporation,"300 Hub Etchison Parkway, Richmond, IN, 47374",Wayne,Richmond Community School Corporation,"c(-84.9020762, 39.8244866)"
8425,Southern Wells Community Schools,School Corporation,"9120 S 300 W, Poneto, IN, 46781",Wells,Southern Wells Community Schools,"c(-85.2799676, 40.6082732)"
8435,Norwell Community Schools,School Corporation,"312 N Jefferson St, Ossian, IN, 46777",Wells,Northern Wells Community Schools,"c(-85.16588, 40.8827459)"
8445,Metropolitan School District Bluffton-Harrison,School Corporation,"805 E Harrison St, Bluffton, IN, 46714",Wells,Bluffton-Harrison Metropolitan School District,"c(-85.1271907, 40.7145634)"
8515,North White School Corporation,School Corporation,"402 E Broadway St, Monon, IN, 47959",White,North White School Corporation,"c(-86.8748551, 40.8687365)"
8525,Frontier School Corporation,School Corporation,"PO Box 809, Chalmers, IN, 47929",White,Frontier School Corporation,"c(-86.8621827, 40.6327966)"
8535,Tri-County School Corporation,School Corporation,"105 N 2nd St, Wolcott, IN, 47995",White,Tri-County School Corporation,"c(-87.042301, 40.7590605)"
8565,Twin Lakes School Corporation,School Corporation,"565 S Main St, Monticello, IN, 47960",White,Twin Lakes School Corporation,"c(-86.7614859, 40.7379158)"
8625,Smith-Green Community Schools,School Corporation,"222 W Tulley St, Churubusco, IN, 46723",Whitley,Smith-Green Community Schools,"c(-85.3230721, 41.2310371)"
8665,Whitley County Consolidated Schools,School Corporation,"107 N Walnut St, Columbia City, IN, 46725",Whitley,Whitley County Consolidated Schools,"c(-85.4934534, 41.1580538)"
9022,Paramount School of Excellence Lafayette,School Corporation,"1904 Elmwood Ave, Lafayette, IN, 47904",NA,Lafayette School Corporation,"c(-86.8761052, 40.427751)"
0015,Adams Central Community Schools,School Corporation,"222 W Washington St, Monroe, IN, 46772-9436",Adams,Adams Central Community Schools,"c(-84.9193082, 40.746062)"
0025,North Adams Community Schools,School Corporation,"625 Stadium Dr, Decatur, IN, 46733",Adams,North Adams Community Schools,"c(-84.9193082, 40.8672374)"
0035,South Adams Schools,School Corporation,"1075 Starfire Way, Berne, IN, 46711",Adams,South Adams Schools,"c(-84.9193082, 40.6246316)"
0125,Metropolitan School District Southwest Allen County Schools,School Corporation,"4824 Homestead Rd, Fort Wayne, IN, 46814",Allen,Southwest Allen County Metropolitan School District,"c(-85.2881248, 41.0387344)"
0225,Northwest Allen County Schools,School Corporation,"13119 Coldwater Rd, Fort Wayne, IN, 46845",Allen,Northwest Allen County Schools,"c(-85.1365144, 41.2044412)"
0235,Fort Wayne Community Schools,School Corporation,"1200 S Clinton St, Fort Wayne, IN, 46802",Allen,Fort Wayne Community Schools,"c(-85.0649071, 41.1352268)"
0255,East Allen County Schools,School Corporation,"1240 SR 930 E, New Haven, IN, 46774",Allen,East Allen County Schools,"c(-84.8984775, 41.0476016)"
0365,Bartholomew Consolidated School Corporation,School Corporation,"1200 Central Ave, Columbus, IN, 47201",Bartholomew,Bartholomew County School Corporation,"c(-85.9048034, 39.2111108)"
0370,Flat Rock-Hawcreek School Corporation,School Corporation,"9423 N SR 9, Hope, IN, 47246",Bartholomew,Flat Rock-Hawcreek School Corporation,"c(-85.7871663, 39.3068524)"
0395,Benton Community School Corporation,School Corporation,"PO Box 512, Fowler, IN, 47944",Benton,Benton Community School Corporation,"c(-87.2618328, 40.5617189)"
0515,Blackford County Schools,School Corporation,"0668 W 200 S, Hartford City, IN, 47348",Blackford,Blackford County Schools,"c(-85.3136218, 40.4992784)"
0615,Western Boone County Community School District,School Corporation,"1201 N SR 75, Thorntown, IN, 46071",Boone,Western Boone County Community School Corporation,"c(-86.6207943, 40.0551854)"
0630,Zionsville Community Schools,School Corporation,"900 Mulberry St, Zionsville, IN, 46077",Boone,Zionsville Community Schools,"c(-86.2767995, 39.9831886)"
0665,Lebanon Community School Corporation,School Corporation,"1810 N Grant St, Lebanon, IN, 46052",Boone,Lebanon Community School Corporation,"c(-86.4592091, 40.0503732)"
0670,Brown County School Corporation,School Corporation,"357 E Main St, Nashville, IN, 47448",Brown,Brown County County School Corporation,"c(-86.1751759, 39.1749729)"
0750,Carroll Consolidated School Corporation,School Corporation,"2 S 3rd St, Flora, IN, 46929",Carroll,Carroll Consolidated School Corporation,"c(-86.4794359, 40.5202693)"
0755,Delphi Community School Corporation,School Corporation,"501 Armory Rd, Delphi, IN, 46923",Carroll,Delphi Community School Corporation,"c(-86.5400674, 40.6236211)"
0775,Pioneer Regional School Corporation,School Corporation,"PO Box 577, Royal Center, IN, 46978",Cass,Pioneer Regional School Corporation,"c(-86.4592091, 40.864111)"
0815,Lewis Cass Schools,School Corporation,"100 S Main Street, Walton, IN, 46994",Cass,Lewis Cass Schools,"c(-86.2514139, 40.6627281)"
0875,Logansport Community School Corporation,School Corporation,"2829 George St, Logansport, IN, 46947",Cass,Logansport Community School Corporation,"c(-86.3295554, 40.7563474)"
0935,Borden-Henryville School Corporation,School Corporation,"14312 Railroad St., Memphis, IN, 47143",Clark,Borden-Henryville School Corp,"c(-85.7608169, 38.4872222)"
0945,Silver Creek School Corporation,School Corporation,"601 Renz Ave, Sellersburg, IN, 47172",Clark,Silver Creek School Corporation,"c(-85.7564107, 38.397887)"
1000,Clarksville Community School Corporation,School Corporation,"502 Little League Blvd, Clarksville, IN, 47129",Clark,Clarksville Community School Corporation,"c(-85.7641013, 38.3008943)"
1010,Greater Clark County Schools,School Corporation,"2112 Utica-Sellersburg Rd, Jeffersonville, IN, 47130",Clark,Greater Clark County Schools,"c(-85.56121, 38.5271295)"
