corp_id,corp_name,schl_id,schl_name,ss_prof_pct
0015,Adams Central Community Schools,0020,Adams Central Elementary School,0.354
0025,North Adams Community Schools,0037,Bellmont Elementary,0.242
0035,South Adams Schools,0025,South Adams Elementary School,0.378
0125,MSD Southwest Allen County Schls,0045,Aboite Elementary School,0.733
0125,MSD Southwest Allen County Schls,0046,Whispering Meadow Elementary Sch,0.351
0125,MSD Southwest Allen County Schls,0064,Lafayette Meadow School,0.558
0125,MSD Southwest Allen County Schls,0068,Haverhill Elementary School,0.6
0125,MSD Southwest Allen County Schls,0071,Deer Ridge Elementary,0.6
0125,MSD Southwest Allen County Schls,0072,Covington Elementary School,0.435
0225,Northwest Allen County Schools,0069,Arcola School,0.697
0225,Northwest Allen County Schools,0087,Hickory Center Elementary School,0.623
0225,Northwest Allen County Schools,0089,Huntertown Elementary School,0.434
0225,Northwest Allen County Schools,0092,Perry Hill Elementary School,0.627
0225,Northwest Allen County Schools,0094,Oak View Elementary School,0.663
0225,Northwest Allen County Schools,0095,Cedar Canyon Elementary School,0.742
0225,Northwest Allen County Schools,0096,Eel River Elementary School,0.619
0225,Northwest Allen County Schools,0098,Aspen Meadow Elementary School,0.438
0235,Fort Wayne Community Schools,0118,Jeff H Towles Intermediate School,0.25
0235,Fort Wayne Community Schools,0134,Weisser Park Elementary School,0.561
0235,Fort Wayne Community Schools,0136,Fairfield Elementary School,0.109
0235,Fort Wayne Community Schools,0137,Merle J Abbett Elementary School,0.04
0235,Fort Wayne Community Schools,0141,Adams Elementary School,0.047
0235,Fort Wayne Community Schools,0149,Bloomingdale Elementary School,0.073
0235,Fort Wayne Community Schools,0153,Brentwood Elementary School,0.19
0235,Fort Wayne Community Schools,0154,Fred H Croninger Elementary School,0.747
0235,Fort Wayne Community Schools,0157,Forest Park Elementary School,0.192
0235,Fort Wayne Community Schools,0161,Franke Park Elementary School,0.28
0235,Fort Wayne Community Schools,0162,Glenwood Park Elementary School,0.24
0235,Fort Wayne Community Schools,0164,J Wilbur Haley Elementary School,0.22
0235,Fort Wayne Community Schools,0178,Harrison Hill Elementary School,0.133
0235,Fort Wayne Community Schools,0186,Mabel K Holland Elementary School,0.328
0235,Fort Wayne Community Schools,0189,Indian Village Elementary School,0.137
0235,Fort Wayne Community Schools,0193,John S Irwin Elementary School,0.298
0235,Fort Wayne Community Schools,0197,Lindley Elementary School,0.184
0235,Fort Wayne Community Schools,0205,Maplewood Elementary School,0.123
0235,Fort Wayne Community Schools,0209,Willard Shambaugh Elementary Sch,0.259
0235,Fort Wayne Community Schools,0217,Northcrest Elementary School,0.161
0235,Fort Wayne Community Schools,0221,Francis M Price Elementary School,0.31
0235,Fort Wayne Community Schools,0233,Saint Joseph Central School,0.281
0235,Fort Wayne Community Schools,0239,Robert C Harris Elementary School,0.346
0235,Fort Wayne Community Schools,0248,Fort Wayne Virtual Academy,0.467
0235,Fort Wayne Community Schools,0249,Levan R Scott Academy,0.018
0235,Fort Wayne Community Schools,0253,South Wayne Elementary School,0.118
0235,Fort Wayne Community Schools,0257,Study Elementary School,0.047
0235,Fort Wayne Community Schools,0265,Washington Elementary School,0.229
0235,Fort Wayne Community Schools,0269,Washington Center Elementary Sch,0.188
0235,Fort Wayne Community Schools,0270,Lincoln Elementary School,0.263
0235,Fort Wayne Community Schools,0273,Waynedale Elementary School,0.203
0235,Fort Wayne Community Schools,0275,Arlington Elementary School,0.365
0255,East Allen County Schools,0043,Prince Chapman Academy,0.088
0255,East Allen County Schools,0053,Leo Elementary School,0.602
0255,East Allen County Schools,0281,Heritage Elementary School,0.519
0255,East Allen County Schools,0305,New Haven Intermediate School,0.326
0255,East Allen County Schools,0323,Woodlan Elementary School,0.516
0365,Bartholomew Con School Corp,0328,Clifty Creek Elementary School,0.388
0365,Bartholomew Con School Corp,0346,CSA Lincoln Campus,0.519
0365,Bartholomew Con School Corp,0353,Mount Healthy Elementary School,0.19
0365,Bartholomew Con School Corp,0357,Parkside Elementary School,0.536
0365,Bartholomew Con School Corp,0363,W D Richards Elementary School,0.295
0365,Bartholomew Con School Corp,0366,Rockcreek Elementary School,0.34
0365,Bartholomew Con School Corp,0369,Lillian Schmitt Elementary School,0.368
0365,Bartholomew Con School Corp,0371,L F Smith Elementary,0.433
0365,Bartholomew Con School Corp,0375,CSA Fodrea Campus,0.231
0365,Bartholomew Con School Corp,0377,Taylorsville Elementary School,0.23
0365,Bartholomew Con School Corp,0392,Southside Elementary School,0.511
0370,Flat Rock-Hawcreek School Corp,0409,Hope Elementary School,0.466
0395,Benton Community School Corp,0421,Otterbein Elementary School,0.341
0395,Benton Community School Corp,0446,Prairie Crossing Elementary School,0.462
0515,Blackford County Schools,0494,Blackford Intermediate School,0.441
0615,Western Boone Co Com Sch Dist,0521,Granville Wells Elementary School,0.491
0615,Western Boone Co Com Sch Dist,0537,Thorntown Elementary School,0.672
0630,Zionsville Community Schools,0510,Zionsville West Middle School,0.699
0630,Zionsville Community Schools,0511,Zionsville Middle School,0.807
0665,Lebanon Community School Corp,0534,Perry Worth Elementary School,0.522
0665,Lebanon Community School Corp,0561,Central Elementary School,0.429
0665,Lebanon Community School Corp,0565,Harney Elementary School,0.302
0665,Lebanon Community School Corp,0569,Hattie B Stokes Elementary School,0.268
0670,Brown County School Corporation,0577,Van Buren Elementary School,0.543
0670,Brown County School Corporation,0581,Helmsburg Elementary School,0.568
0670,Brown County School Corporation,0585,Sprunica Elementary School,0.375
0750,Carroll Consolidated School Corp,0629,Carroll Elementary School,0.377
0755,Delphi Community School Corp,0641,Delphi Community Elementary School,0.45
0775,Pioneer Regional School Corp,0649,Pioneer Elementary School,0.462
0815,Lewis Cass Schools,0695,Lewis Cass Elementary School,0.352
0875,Logansport Community Sch Corp,0705,Franklin Elementary School,0.164
0875,Logansport Community Sch Corp,0709,Fairview Elementary School,0.094
0875,Logansport Community Sch Corp,0711,Landis Elementary School,0.215
0875,Logansport Community Sch Corp,0713,Columbia Elementary School,0.25
0875,Logansport Community Sch Corp,0715,Logansport Intermediate School,NA
0935,Borden-Henryville School Corporation,0767,Henryville Elementary School,0.34
0935,Borden-Henryville School Corporation,0815,William W Borden Elementary School,0.312
0945,Silver Creek School Corporation,0789,Silver Creek Elementary School,0.279
1000,Clarksville Community School Corp,0851,Clarksville Middle School,0.291
1000,Clarksville Community School Corp,1007,Indiana Gateway Digital Academy,0.085
1010,Greater Clark County Schools,0755,W E Wilson Elementary,0.2
1010,Greater Clark County Schools,0761,Thomas Jefferson Elementary School,0.213
1010,Greater Clark County Schools,0801,Northaven Elementary School,0.184
1010,Greater Clark County Schools,0805,Utica Elementary School,0.402
1010,Greater Clark County Schools,0807,New Washington Elementary School,0.245
1010,Greater Clark County Schools,0825,Jonathan Jennings Elementary Sch,0.346
1010,Greater Clark County Schools,0871,Riverside Elementary School,0.38
1010,Greater Clark County Schools,0874,Franklin Square Elementary School,0.132
1010,Greater Clark County Schools,0879,Parkwood Elementary School,0.131
1125,Clay Community Schools,0895,Clay City Elementary School,0.508
1125,Clay Community Schools,0901,Jackson Township Elementary School,0.611
1125,Clay Community Schools,0907,Staunton Elementary School,0.694
1125,Clay Community Schools,0923,Van Buren Elementary School,0.591
1125,Clay Community Schools,0941,East Side Elementary School,0.538
1125,Clay Community Schools,0942,Forest Park Elementary School,0.32
1125,Clay Community Schools,0949,Meridian Street Elementary School,0.41
1150,Clinton Central School Corporation,0961,Clinton Central Elementary School,0.435
1160,Clinton Prairie School Corporation,0981,Clinton Prairie Elementary School,0.345
1170,Community Schools of Frankfort,1015,Green Meadows Intermediate Elem,0.188
1170,Community Schools of Frankfort,1020,Suncrest Elementary School,0.138
1180,Rossville Con School District,1033,Rossville Elementary School,0.565
1300,Crawford County Community Sch Corp,1037,South Crawford Elementary School,0.043
1300,Crawford County Community Sch Corp,1045,West Crawford Elementary School,0.419
1300,Crawford County Community Sch Corp,1065,East Crawford Elementary School,0.512
1315,Barr-Reeve Community Schools Inc,1075,Barr Reeve Elementary School,0.507
1375,North Daviess Com Schools,1090,North Daviess Elementary School,0.613
1405,Washington Community Schools,1129,Washington Upper Elementary,0.323
1560,Sunman-Dearborn Com Sch Corp,1189,North Dearborn Elementary School,0.746
1560,Sunman-Dearborn Com Sch Corp,1193,Bright Elementary School,0.604
1560,Sunman-Dearborn Com Sch Corp,7211,Sunman Elementary School,0.44
1600,South Dearborn Community Sch Corp,1141,Dillsboro Elementary School,0.556
1600,South Dearborn Community Sch Corp,1165,Manchester Elementary School,0.393
1600,South Dearborn Community Sch Corp,1197,Aurora Elementary School,0.241
1620,Lawrenceburg Community School Corp,1217,Central Elementary School,0.44
1655,Decatur County Community Schools,1265,South Decatur Elementary School,0.35
1655,Decatur County Community Schools,1266,North Decatur Elementary School,0.632
1730,Greensburg Community Schools,1270,Greensburg Elementary,0.403
1805,DeKalb Co Eastern Com Sch Dist,1321,Butler Elementary School,0.397
1805,DeKalb Co Eastern Com Sch Dist,1335,Riverdale Elementary School,0.5
1820,Garrett-Keyser-Butler Com Sch Corp,1329,J E Ober Elementary School,0.266
1835,DeKalb Co Ctl United Sch Dist,1341,Waterloo Elementary School,0.161
1835,DeKalb Co Ctl United Sch Dist,1351,James R Watson Elementary School,0.57
1835,DeKalb Co Ctl United Sch Dist,1357,McKenney-Harrison Elementary Sch,0.434
1835,DeKalb Co Ctl United Sch Dist,1359,Country Meadow Elementary School,0.261
1875,Delaware Community School Corp,1365,Royerton Elementary School,0.616
1875,Delaware Community School Corp,1409,Eaton Elementary School,0.566
1875,Delaware Community School Corp,1520,Albany Elementary School,0.667
1885,Wes-Del Community Schools,1413,Wes-Del Elementary School,0.47
1895,Liberty-Perry Community Sch Corp,1381,Selma Elementary School,0.598
1900,Cowan Community School Corp,1385,Cowan Elementary School,0.492
1910,Yorktown Community Schools,1393,Yorktown Elementary School,0.47
1940,Daleville Community Schools,1405,Daleville Elementary School,0.284
1970,Muncie Community Schools,1470,Grissom Elementary School,0.148
1970,Muncie Community Schools,1482,South View Elementary School,0.034
1970,Muncie Community Schools,1485,Longfellow Elementary School,0.043
1970,Muncie Community Schools,1496,North View Elementary School,0.37
1970,Muncie Community Schools,1500,Muncie Virtual Academy,NA
1970,Muncie Community Schools,1513,East Washington Academy,0.338
1970,Muncie Community Schools,1517,West View Elementary School,0.333
2040,Northeast Dubois Co Sch Corp,1549,Northeast Dubois Intermediate School,0.4
2100,Southeast Dubois Co Sch Corp,1586,Cedar Crest Intermediate School,0.578
2110,Southwest Dubois Co Sch Corp,1529,Holland Elementary School,0.447
2110,Southwest Dubois Co Sch Corp,1590,Huntingburg Elementary School,0.361
2120,Greater Jasper Consolidated Schs,1569,Ireland Elementary School,0.688
2120,Greater Jasper Consolidated Schs,1601,Jasper Elementary School,0.443
2155,Fairfield Community Schools,1621,Millersburg Elementary- Middle Sch,0.438
2155,Fairfield Community Schools,1649,New Paris Elementary School,0.308
2155,Fairfield Community Schools,1652,Benton Elementary School,0.364
2260,Baugo Community Schools,1707,Jimtown Intermediate School,0.36
2270,Concord Community Schools,1718,Concord Intermediate School,0.276
2275,Middlebury Community Schools,1731,Heritage Intermediate School,0.415
2285,Wa-Nee Community Schools,1735,Wakarusa Elementary School,0.683
2285,Wa-Nee Community Schools,1743,Nappanee Elementary School,0.451
2285,Wa-Nee Community Schools,1747,Woodview Elementary School,0.485
2305,Elkhart Community Schools,1617,Cleveland Elementary School,0.083
2305,Elkhart Community Schools,1673,Osolo Elementary School,0.111
2305,Elkhart Community Schools,1679,Eastwood Elementary School,0.188
2305,Elkhart Community Schools,1681,Mary Feeser Elementary School,0.125
2305,Elkhart Community Schools,1693,Bristol Elementary School,0.105
2305,Elkhart Community Schools,1752,Elkhart Alternative Education,NA
2305,Elkhart Community Schools,1765,Beardsley Elementary School,0.065
2305,Elkhart Community Schools,1769,Mary Beck Elementary School,0.019
2305,Elkhart Community Schools,1773,Mary Daly Elementary School,0.056
2305,Elkhart Community Schools,1785,Pinewood Elementary School,0.238
2305,Elkhart Community Schools,1789,Monger Elementary School,0.226
2305,Elkhart Community Schools,1797,Riverview Elementary School,0.327
2305,Elkhart Community Schools,1801,Roosevelt STEAM Academy,0.212
2305,Elkhart Community Schools,1817,Woodland Elementary School,0.14
2315,Goshen Community Schools,2318,Goshen Intermediate School,0.223
2395,Fayette County School Corporation,1869,Everton Elementary School,0.244
2395,Fayette County School Corporation,1897,Eastview Elementary School,0.333
2395,Fayette County School Corporation,1909,Frazee Elementary School,0.405
2395,Fayette County School Corporation,1913,Grandview Elementary School,0.308
2395,Fayette County School Corporation,1921,Fayette Central Elementary,0.475
2400,New Albany-Floyd Co Con Sch,1931,Highland Hills Middle School,0.511
2400,New Albany-Floyd Co Con Sch,1933,Hazelwood Middle School,0.232
2400,New Albany-Floyd Co Con Sch,1937,Nathaniel Scribner Middle School,0.294
2435,Attica Consolidated School Corp,2057,Attica Elementary School,0.433
2440,Covington Community School Corp,2009,Covington Elementary School,0.478
2455,Southeast Fountain School Corp,2021,Southeast Fountain Elementary,0.607
2475,Franklin County Community Sch Corp,2082,Laurel School,0.27
2475,Franklin County Community Sch Corp,2125,Brookville Elementary School,0.5
2475,Franklin County Community Sch Corp,2127,Mount Carmel School,0.703
2645,Rochester Community School Corp,2177,Rochester Community Middle School,0.42
2650,Caston School Corporation,2157,Caston Elementary School,0.436
2725,East Gibson School Corporation,2189,Barton Township Elementary,0.5
2725,East Gibson School Corporation,2201,Francisco Elementary School,NA
2725,East Gibson School Corporation,2237,Oakland City Elementary School,0.375
2735,North Gibson School Corporation,2223,Princeton Comm Intermediate School,0.216
2765,South Gibson School Corporation,2205,Haubstadt Community School,0.512
2765,South Gibson School Corporation,2214,Fort Branch Community School,0.613
2765,South Gibson School Corporation,2241,Owensville Community School,0.585
2815,Eastbrook Community Sch Corp,2263,Eastbrook South Elementary,0.6
2815,Eastbrook Community Sch Corp,2264,Eastbrook North Elementary,0.3
2825,Madison-Grant United School Corp,2329,Park Elementary School,0.628
2825,Madison-Grant United School Corp,2834,Virtual Preparatory Academy of Indiana at Madison-Grant K-5,0.115
2855,Mississinewa Community School Corp,2346,Northview Elementary School,0.312
2865,Marion Community Schools,2350,Justice Thurgood Marshall Intrmd,0.131
2920,Bloomfield School District,2417,Bloomfield Elementary School,0.447
2940,Eastern Greene Schools,2436,Eastern Greene Middle School,0.31
2950,Linton-Stockton School Corporation,2441,Linton-Stockton Elementary,0.337
2960,MSD Shakamak Schools,2449,Shakamak Elementary School,0.319
2980,White River Valley School District,2457,White River Valley Middle School,0.395
3005,Hamilton Southeastern Schools,2479,Sand Creek Intermediate School,0.518
3005,Hamilton Southeastern Schools,2485,Fall Creek Intermediate School,0.524
3005,Hamilton Southeastern Schools,2489,Hamilton SE Int and Jr High Sch,0.584
3005,Hamilton Southeastern Schools,2500,Riverside Intermediate School,0.622
3025,Hamilton Heights School Corp,2501,Hamilton Heights Middle School,0.43
3030,Westfield-Washington Schools,2503,Westfield Intermediate School,0.637
3055,Sheridan Community Schools,2465,Sheridan Elementary School,0.44
3060,Carmel Clay Schools,2507,Woodbrook Elementary School,0.781
3060,Carmel Clay Schools,2508,Cherry Tree Elementary School,0.826
3060,Carmel Clay Schools,2509,Carmel Elementary School,0.647
3060,Carmel Clay Schools,2510,College Wood Elementary School,0.786
3060,Carmel Clay Schools,2512,Smoky Row Elementary School,0.724
3060,Carmel Clay Schools,2515,Prairie Trace Elementary School,0.795
3060,Carmel Clay Schools,2516,Mohawk Trails Elementary School,0.577
3060,Carmel Clay Schools,2518,Forest Dale Elementary School,0.584
3060,Carmel Clay Schools,2522,Towne Meadow Elementary School,0.817
3060,Carmel Clay Schools,2526,West Clay Elementary School,0.76
3060,Carmel Clay Schools,3071,Clay Center Elementary School,0.727
3070,Noblesville Schools,2523,Hinkle Creek Elementary School,0.567
3070,Noblesville Schools,2529,North Elementary School,0.435
3070,Noblesville Schools,2533,Stony Creek Elementary School,0.442
3070,Noblesville Schools,2537,Noble Crossing Elementary School,0.496
3070,Noblesville Schools,2538,Hazel Dell Elementary School,0.663
3070,Noblesville Schools,2539,Promise Road Elementary,0.596
3070,Noblesville Schools,2547,White River Elementary School,0.43
3115,Southern Hancock Co Com Sch Corp,2543,New Palestine Intermediate School,0.429
3125,Greenfield-Central Com Schools,2577,Maxwell Intermediate School,0.452
3125,Greenfield-Central Com Schools,2593,Greenfield Intermediate School,0.275
3135,Mt Vernon Community School Corp,2558,Fortville Elementary School,0.38
3135,Mt Vernon Community School Corp,2561,Mt Comfort Elementary School,0.346
3135,Mt Vernon Community School Corp,2570,McCordsville Elementary School,0.558
3145,Eastern Hancock Co Com Sch Corp,2586,Eastern Hancock Elementary School,0.59
3160,Lanesville Community School Corp,2611,Lanesville Elementary School,0.492
3180,North Harrison Com School Corp,2621,Morgan Elementary School,0.39
3180,North Harrison Com School Corp,2633,North Harrison Elementary School,0.354
3190,South Harrison Com Schools,2649,New Middletown Elementary School,0.143
3190,South Harrison Com Schools,2653,Heth-Washington Elementary School,0.308
3190,South Harrison Com Schools,2663,Corydon Intermediate School,0.507
3190,South Harrison Com Schools,2667,South Central Elementary,0.412
3295,North West Hendricks Schools,2685,North Salem Elementary School,0.588
3295,North West Hendricks Schools,2725,Pittsboro Elementary School,0.597
3305,Brownsburg Community School Corp,2706,Brown Elementary School,0.615
3305,Brownsburg Community School Corp,2711,Eagle Elementary School,0.672
3305,Brownsburg Community School Corp,2714,Reagan Elementary School,0.663
3305,Brownsburg Community School Corp,2718,Delaware Trail Elementary School,0.574
3305,Brownsburg Community School Corp,2723,White Lick Elementary School,0.614
3305,Brownsburg Community School Corp,2727,Cardinal Elementary School,0.582
3305,Brownsburg Community School Corp,2744,Lincoln Elementary School,0.617
3315,Avon Community School Corp,2728,Avon Intermediate School East,0.526
3315,Avon Community School Corp,2729,Avon Intermediate School West,0.413
3325,Danville Community School Corp,2743,Danville Middle School,0.438
3330,Plainfield Community School Corp,2748,Clarks Creek Elementary,0.475
3330,Plainfield Community School Corp,2751,Central Elementary School,0.718
3330,Plainfield Community School Corp,2761,Van Buren Elementary School,0.531
3330,Plainfield Community School Corp,2763,Brentwood Elementary School,0.507
3330,Plainfield Community School Corp,3331,Pride Academy,NA
3330,Plainfield Community School Corp,3338,Guilford Elementary,0.573
3335,Mill Creek Community Sch Corp,2675,Mill Creek East Elementary,0.362
3335,Mill Creek Community Sch Corp,2677,Mill Creek West Elementary,0.469
3405,Blue River Valley Schools,2803,Blue River Valley Elementary Sch,0.146
3415,South Henry School Corp,2777,Tri Elementary School,0.4
3435,Shenandoah School Corporation,2815,Shenandoah Elementary School,0.48
3445,New Castle Community School Corp,2832,Eastwood Elementary School,0.032
3445,New Castle Community School Corp,2847,Parker Elementary School,0.081
3445,New Castle Community School Corp,2849,James Whitcomb Riley Elem School,0.438
3445,New Castle Community School Corp,2861,Westwood Elementary School,0.462
3445,New Castle Community School Corp,2865,Wilbur Wright Elementary School,0.42
3455,C A Beard Memorial School Corp,2870,Knightstown Intermediate School,0.258
3460,Taylor Community School Corp,2896,Taylor Middle School,0.13
3470,Northwestern School Corp,2904,Northwestern Elementary School,0.491
3470,Northwestern School Corp,2905,Howard Elementary School,0.182
3480,Eastern Howard School Corporation,2914,Eastern Middle School,0.504
3490,Western School Corporation,2923,Western Intermediate School,0.577
3500,Kokomo School Corporation,2943,Sycamore Elementary School,0.164
3500,Kokomo School Corporation,2947,Boulevard Elementary School,0.193
3500,Kokomo School Corporation,2961,Elwood Haynes Elementary School,0.14
3500,Kokomo School Corporation,2969,Lafayette Park Elementary School,0.309
3500,Kokomo School Corporation,2993,Pettit Park School,0.122
3500,Kokomo School Corporation,3005,Wallace Elementary School,0.452
3625,Huntington Co Com Sch Corp,3021,Andrews Elementary School,0.492
3625,Huntington Co Com Sch Corp,3029,Roanoke Elementary School,0.576
3625,Huntington Co Com Sch Corp,3035,Salamonie Elementary School,0.269
3625,Huntington Co Com Sch Corp,3077,Flint Springs Elementary,0.5
3625,Huntington Co Com Sch Corp,3081,Lincoln Elementary School,0.365
3625,Huntington Co Com Sch Corp,3086,Horace Mann Elementary,0.257
3640,Medora Community School Corp,3095,Medora STEM Academy,NA
3675,Seymour Community Schools,3105,Cortland Elementary School,0.481
3675,Seymour Community Schools,3135,Margaret R Brown Elementary School,0.211
3675,Seymour Community Schools,3141,Emerson Elementary School,0.321
3675,Seymour Community Schools,3153,Seymour-Jackson Elementary School,0.25
3675,Seymour Community Schools,3157,Seymour-Redding Elementary School,0.417
3695,Brownstown Cnt Com Sch Corp,3129,Brownstown Elementary School,0.344
3710,Crothersville Community Schools,3122,Crothersville Elementary School,0.185
3785,Kankakee Valley School Corp,3198,Kankakee Valley Intermediate Sch,0.408
3815,Rensselaer Central School Corp,3205,Van Rensselaer Elementary School,0.45
3945,Jay School Corporation,3241,Bloomfield Elementary School,0.359
3945,Jay School Corporation,3247,Redkey Elementary School,0.429
3945,Jay School Corporation,3273,East Jay Elementary,0.439
3945,Jay School Corporation,3289,West Jay Elementary,0.567
3995,Madison Consolidated Schools,3313,Madison Consolidated Jr High Sch,0.376
4000,Southwestern-Jefferson Co Con,3341,Southwestern Elementary School,0.257
4015,Jennings County School Corporation,3349,Sand Creek Elementary School,0.098
4015,Jennings County School Corporation,3357,Scipio Elementary School,0.333
4015,Jennings County School Corporation,3361,Graham Creek Elementary School,0.222
4015,Jennings County School Corporation,3385,Hayden Elementary School,0.472
4015,Jennings County School Corporation,3389,Brush Creek Elementary School,0.238
4015,Jennings County School Corporation,3397,North Vernon Elementary School,0.293
4145,Clark-Pleasant Community Sch Corp,3401,Clark Elementary School,0.471
4145,Clark-Pleasant Community Sch Corp,3422,Grassy Creek Elementary School,0.549
4145,Clark-Pleasant Community Sch Corp,3425,Whiteland Elementary School,0.577
4145,Clark-Pleasant Community Sch Corp,3429,Break-O-Day Elementary School,0.288
4145,Clark-Pleasant Community Sch Corp,3430,Pleasant Crossing Elementary,0.4
4145,Clark-Pleasant Community Sch Corp,4172,Ray Crowe Elementary,0.255
4205,Center Grove Community School Corp,3434,Sugar Grove Elementary School,0.396
4205,Center Grove Community School Corp,3435,Center Grove Elementary School,0.465
4205,Center Grove Community School Corp,3438,Walnut Grove Elementary School,0.606
4205,Center Grove Community School Corp,3439,Maple Grove Elementary School,0.561
4205,Center Grove Community School Corp,3440,North Grove Elementary School,0.526
4205,Center Grove Community School Corp,3444,Pleasant Grove Elementary School,0.492
4215,Edinburgh Community School Corp,3452,East Side Elementary School,0.265
4225,Franklin Community School Corp,3458,Custer Baker Intermediate School,0.453
4245,Greenwood Community Sch Corp,3477,Greenwood Northeast Elementary Sch,0.492
4245,Greenwood Community Sch Corp,3479,Westwood Elementary School,0.488
4245,Greenwood Community Sch Corp,3481,V O Isom Central Elem School,0.284
4245,Greenwood Community Sch Corp,3483,Southwest Elementary School,0.646
4255,Nineveh-Hensley-Jackson United,3411,Indian Creek Intermediate School,0.555
4315,North Knox School Corp,3545,North Knox Intermediate,0.4
4325,South Knox School Corp,3489,South Knox Elementary School,0.44
4335,Vincennes Community School Corp,3509,Benjamin Franklin Elementary Sch,0.372
4335,Vincennes Community School Corp,3573,James Whitcomb Riley Elem Sch,0.111
4335,Vincennes Community School Corp,3577,Tecumseh-Harrison Elementary Sch,0.292
4335,Vincennes Community School Corp,3581,Francis Vigo Elementary School,0.255
4345,Wawasee Community School Corp,3625,North Webster Elementary School,0.468
4345,Wawasee Community School Corp,3635,Milford Elementary School,0.327
4345,Wawasee Community School Corp,3637,Syracuse Elementary School,0.264
4415,Warsaw Community Schools,3589,Claypool Elementary School,0.282
4415,Warsaw Community Schools,3608,Eisenhower Elementary School,0.403
4415,Warsaw Community Schools,3610,Harrison Elementary School,0.471
4415,Warsaw Community Schools,3613,Leesburg Elementary School,0.274
4415,Warsaw Community Schools,3661,Jefferson Elementary School,0.565
4415,Warsaw Community Schools,3665,Lincoln Elementary School,0.217
4415,Warsaw Community Schools,3673,Madison Elementary School,0.375
4415,Warsaw Community Schools,3677,Washington Elementary School,0.439
4445,Tippecanoe Valley School Corp,2139,Akron Elementary School,0.333
4445,Tippecanoe Valley School Corp,3603,Mentone Elementary School,0.262
4445,Tippecanoe Valley School Corp,3619,Tippecanoe Valley Middle School,0.306
4455,Whitko Community School Corp,3642,Pierceton Elementary School,0.439
4455,Whitko Community School Corp,9173,South Whitley Elementary School,0.476
4515,Prairie Heights Community Sch Corp,3688,Prairie Heights Middle School,0.394
4525,Westview School Corporation,3702,Westview Elementary School,0.57
4535,Lakeland School Corporation,3739,Lakeland Intermediate School,0.256
4570,NW Indiana Special Education Coop,4287,Eagle Park Community School,NA
4580,Hanover Community School Corp,3780,Red Cedars Elementary,0.535
4590,River Forest Community Sch Corp,3797,Henry S Evans Elementary School,0.169
4590,River Forest Community Sch Corp,3805,John I Meister Elementary School,0.135
4600,Merrillville Community School Corp,3813,Merrillville Intermediate School,0.286
4615,Lake Central School Corporation,3831,Michael Grimmer Middle School,0.604
4615,Lake Central School Corporation,3838,Hal E Clark Middle School,0.555
4615,Lake Central School Corporation,3841,Kahler Middle School,0.519
4645,Tri-Creek School Corporation,3753,Oak Hill Elementary School,0.556
4645,Tri-Creek School Corporation,3845,Lake Prairie Elementary School,0.339
4645,Tri-Creek School Corporation,3848,Three Creeks Elem School,0.376
4650,Lake Ridge New Tech Schools,3893,Lake Ridge New Tech Middle School,0.158
4660,Crown Point Community School Corp,3769,Douglas MacArthur Elem School,0.47
4660,Crown Point Community School Corp,3773,Dwight D Eisenhower Elem School,0.398
4660,Crown Point Community School Corp,3903,Lake Street Elementary School,0.589
4660,Crown Point Community School Corp,3905,Solon Robinson Elementary School,0.559
4660,Crown Point Community School Corp,3907,Jerry Ross Elementary School,0.534
4660,Crown Point Community School Corp,3913,Timothy Ball Elementary School,0.646
4670,School City of East Chicago,3941,Benjamin Harrison Elementary Sch,0.122
4670,School City of East Chicago,3945,Abraham Lincoln Elementary School,0.156
4670,School City of East Chicago,3953,William McKinley Elementary School,0.101
4670,School City of East Chicago,3961,George Washington Elementary Sch,0.051
4680,Lake Station Community Schools,3973,Alexander Hamilton Elementary Sch,0.571
4680,Lake Station Community Schools,3975,Virgil I Bailey Elementary School,0.27
4690,Gary Community School Corp,4053,Banneker Elementary at Marquette,0.088
4690,Gary Community School Corp,4061,Beveridge Elementary School,0.036
4690,Gary Community School Corp,4068,Gary Virtual Academy,NA
4690,Gary Community School Corp,4086,Frankie Woods McCullough Academy,0.018
4690,Gary Community School Corp,4155,Glen Park Acad for Excel in Lrn,0.028
4690,Gary Community School Corp,4169,Daniel Hale Williams Elem Sch,0.029
4700,Griffith Public Schools,4171,Beiriger Elementary School,0.387
4710,School City of Hammond,4422,Joseph Hess Elementary School,0.145
4710,School City of Hammond,4449,Thomas A Edison Elementary School,0.27
4710,School City of Hammond,4451,Benjamin Franklin Elementary Sch,0.314
4710,School City of Hammond,4453,Warren G Harding Elementary School,0.31
4710,School City of Hammond,4455,Washington Irving Elementary Sch,0.176
4710,School City of Hammond,4457,Thomas Jefferson Elementary School,0.035
4710,School City of Hammond,4459,Kenwood Elementary School,0.222
4710,School City of Hammond,4463,Abraham Lincoln Elementary School,0.167
4710,School City of Hammond,4465,Annie Burns-Hicks Elementary School,0.02
4710,School City of Hammond,4469,Morton Elementary School,0.129
4710,School City of Hammond,4479,Lew Wallace Elementary School,0.036
4710,School City of Hammond,4484,Frank O'Bannon Elementary School,0.176
4720,School Town of Highland,4285,Judith Morton Johnston Elementary,0.41
4720,School Town of Highland,4290,Mildred Merkley Elementary School,0.309
4720,School Town of Highland,4301,Southridge Elementary School,0.58
4720,School Town of Highland,4303,Allen J Warren Elementary School,0.32
4730,School City of Hobart,4309,Hobart Middle School,NA
4730,School City of Hobart,4317,Liberty Elementary School,0.42
4730,School City of Hobart,4325,Veterans Elementary School at Mundell,0.284
4730,School City of Hobart,4327,Joan Martin Elementary School,0.435
4740,School Town of Munster,4337,James B Eads Elementary School,0.614
4740,School Town of Munster,4341,Ernest R Elliott Elementary School,0.683
4740,School Town of Munster,4343,Frank H Hammond Elementary School,0.608
4760,School City of Whiting,4361,Nathan Hale Elementary School,0.47
4805,New Prairie United School Corp,4679,Prairie View Elementary School,0.191
4805,New Prairie United School Corp,4693,Rolling Prairie Elementary School,0.48
4805,New Prairie United School Corp,7349,Olive Township Elementary School,0.403
4860,MSD of New Durham Township,4699,Westville Elementary School,0.554
4915,Tri-Township Cons School Corp,4696,Tri-Township Elementary School,0.5
4925,Michigan City Area Schools,4373,Coolspring Elementary School,0.2
4925,Michigan City Area Schools,4713,Springfield Elementary School,0.192
4925,Michigan City Area Schools,4805,Edgewood Elementary School,0.157
4925,Michigan City Area Schools,4811,Lake Hills Elementary School,0.149
4925,Michigan City Area Schools,4821,Joy Elementary School,0.26
4925,Michigan City Area Schools,4825,Knapp Elementary School,0.212
4925,Michigan City Area Schools,4833,Marsh Elementary School,0.116
4925,Michigan City Area Schools,6829,Pine Elementary School,0.13
4940,South Central Com School Corp,4734,South Central Elementary School,0.571
4945,LaPorte Community School Corp,4717,Kesling Intermediate School,0.451
5075,North Lawrence Com Schools,4864,Needmore Elementary School,0.538
5075,North Lawrence Com Schools,4885,Oolitic School,0.394
5075,North Lawrence Com Schools,4889,Shawswick Elementary School,0.456
5075,North Lawrence Com Schools,4909,Lincoln Elementary School,0.522
5075,North Lawrence Com Schools,4932,Parkview Elementary School,0.522
5085,Mitchell Community Schools,4861,Burris Elementary School,0.233
5245,Frankton-Lapel Community Schools,5009,Frankton Elementary School,0.257
5245,Frankton-Lapel Community Schools,5025,Lapel Elementary School,0.387
5255,South Madison Com Sch Corp,4935,East Elementary School,0.5
5255,South Madison Com Sch Corp,5061,Pendleton Elementary School,0.492
5255,South Madison Com Sch Corp,5064,Maple Ridge Elementary School,0.41
5265,Alexandria Community School Corp,5065,Alexandria Monroe Elementary School,0.341
5275,Anderson Community School Corp,4967,Anderson Intermediate School,0.134
5280,Elwood Community School Corp,5151,Elwood Intermediate School,0.15
5300,MSD Decatur Township,5178,Gold Academy,0.273
5300,MSD Decatur Township,5179,Blue Academy,0.202
5300,MSD Decatur Township,5185,Stephen Decatur Elementary School,0.102
5300,MSD Decatur Township,5187,Valley Mills Elementary School,0.24
5300,MSD Decatur Township,5189,West Newton Elementary School,0.28
5300,MSD Decatur Township,5192,Lynwood Elementary,0.082
5310,Franklin Township Com Sch Corp,5207,Lillie Idella Kitley Intermediate,0.52
5310,Franklin Township Com Sch Corp,5210,Edgewood Intermediate School,0.461
5330,MSD Lawrence Township,5281,Brook Park Elementary School,0.029
5330,MSD Lawrence Township,5283,Mary Evelyn Castle Elementary Sch,0.13
5330,MSD Lawrence Township,5285,Crestview Elementary School,0.291
5330,MSD Lawrence Township,5287,Amy Beverland Elementary,0.455
5330,MSD Lawrence Township,5289,Harrison Hill Elementary School,0.089
5330,MSD Lawrence Township,5293,Indian Creek Elementary School,0.231
5330,MSD Lawrence Township,5294,Forest Glen Elementary School,0.49
5330,MSD Lawrence Township,5295,Winding Ridge Elementary School,0.15
5330,MSD Lawrence Township,5296,Oaklandon Elementary School,0.276
5330,MSD Lawrence Township,5298,Skiles Test Elementary School,0.062
5330,MSD Lawrence Township,5299,Sunnyside Elementary School,0.327
5340,Perry Township Schools,5321,William Henry Burkhart Elementary,0.41
5340,Perry Township Schools,5322,Mary Bryan Elementary School,0.239
5340,Perry Township Schools,5325,Clinton Young Elementary School,0.148
5340,Perry Township Schools,5333,Glenns Valley Elementary School,0.298
5340,Perry Township Schools,5337,Abraham Lincoln Elementary School,0.234
5340,Perry Township Schools,5338,Douglas MacArthur Elementary Sch,0.377
5340,Perry Township Schools,5345,Homecroft Elementary School,0.34
5340,Perry Township Schools,5347,Southport Elementary School,0.116
5340,Perry Township Schools,5351,Winchester Village Elementary,0.173
5340,Perry Township Schools,5366,Jeremiah Gray Elementary School,0.308
5340,Perry Township Schools,5372,Rosa Parks Elementary School,0.451
5350,MSD Pike Township,5349,Fishback Creek Public Academy,0.301
5350,MSD Pike Township,5352,Deer Run Elementary,0.124
5350,MSD Pike Township,5354,College Park Elementary School,0.128
5350,MSD Pike Township,5357,Central Elementary School,0.059
5350,MSD Pike Township,5358,Eagle Creek Elementary School,0.228
5350,MSD Pike Township,5359,Eastbrook Elementary School,0.174
5350,MSD Pike Township,5360,Guion Creek Elementary School,0.216
5350,MSD Pike Township,5363,Snacks Crossing Elementary School,0.058
5350,MSD Pike Township,5378,New Augusta Public Academy - South,0.294
5360,MSD Warren Township,5364,Creston Intermediate & Middle Schl,0.099
5360,MSD Warren Township,5367,Stonybrook Intermediate & Middle,0.068
5360,MSD Warren Township,5368,Raymond Park Intermediate & Middle,0.138
5360,MSD Warren Township,5379,Warren Online Academy,0.167
5370,MSD Washington Township,5403,Allisonville Elementary School,0.434
5370,MSD Washington Township,5406,Crooked Creek Elementary School,0.4
5370,MSD Washington Township,5407,Clearwater Elementary School,0.454
5370,MSD Washington Township,5408,Willow Lake Elementary School,0.217
5370,MSD Washington Township,5418,Greenbriar Elementary School,0.2
5370,MSD Washington Township,5427,Nora Elementary School,0.424
5370,MSD Washington Township,5430,Spring Mill Elementary School,0.325
5370,MSD Washington Township,5436,Fox Hill Elementary School,0.208
5375,MSD Wayne Township,5223,Maplewood Elementary School,0.165
5375,MSD Wayne Township,5227,Chapel Glen Elementary School,0.28
5375,MSD Wayne Township,5241,Garden City Elementary School,0.067
5375,MSD Wayne Township,5257,McClelland Elementary School,0.276
5375,MSD Wayne Township,5261,Rhoades Elementary School,0.14
5375,MSD Wayne Township,5265,Robey Elementary School,0.439
5375,MSD Wayne Township,5267,North Wayne Elementary School,0.067
5375,MSD Wayne Township,5268,Achieve Virtual Elementary,0.286
5375,MSD Wayne Township,5270,Stout Field Elementary School,0.143
5375,MSD Wayne Township,5271,Sanders School,NA
5375,MSD Wayne Township,5273,Westlake Elementary School,0.269
5375,MSD Wayne Township,5274,Chapelwood Elementary School,0.271
5375,MSD Wayne Township,5446,Bridgeport Elementary School,0.219
5380,Beech Grove City Schools,5461,South Grove Intermediate School,0.114
5385,Indianapolis Public Schools,5498,Cold Spring School,0.087
5385,Indianapolis Public Schools,5515,Thomas D Gregg School 15,0.182
5385,Indianapolis Public Schools,5531,James A Garfield School 31,0.143
5385,Indianapolis Public Schools,5534,Eleanor Skillen School 34,0.049
5385,Indianapolis Public Schools,5538,Center for Inquiry School 70,0.583
5385,Indianapolis Public Schools,5539,William McKinley School 39,0.089
5385,Indianapolis Public Schools,5543,James Whitcomb Riley School 43,0
5385,Indianapolis Public Schools,5546,Daniel Webster School 46,0
5385,Indianapolis Public Schools,5549,William Penn School 49,0.053
5385,Indianapolis Public Schools,5551,James Russell Lowell School 51,0.024
5385,Indianapolis Public Schools,5554,Brookside School 54,0.015
5385,Indianapolis Public Schools,5555,IPS/Butler Lab at Eliza Blaker 55,0.188
5385,Indianapolis Public Schools,5556,Francis W Parker School 56,0.083
5385,Indianapolis Public Schools,5557,George W Julian School 57,0.053
5385,Indianapolis Public Schools,5558,Ralph Waldo Emerson School 58,0
5385,Indianapolis Public Schools,5560,IPS/Butler Lab at William Bell 60,0.369
5385,Indianapolis Public Schools,5565,Raymond F Brandes School 65,0.143
5385,Indianapolis Public Schools,5570,Edison School of the Arts 47,0.109
5385,Indianapolis Public Schools,5574,Theodore Potter School 74,0.229
5385,Indianapolis Public Schools,5577,Merle Sidener Gifted Academy,0.804
5385,Indianapolis Public Schools,5579,Carl Wilde School 79,0.013
5385,Indianapolis Public Schools,5582,Christian Park School 82,0.056
5385,Indianapolis Public Schools,5583,Floro Torrence School 83,0.067
5385,Indianapolis Public Schools,5587,George Washington Carver School 87,0.219
5385,Indianapolis Public Schools,5588,Anna Brochhausen School 88,0
5385,Indianapolis Public Schools,5590,Ernie Pyle School 90,0
5385,Indianapolis Public Schools,5591,Rousseau McClellan School 91,0.3
5385,Indianapolis Public Schools,5596,Meredith Nicholson School 96,0.103
5385,Indianapolis Public Schools,5605,Charles Warren Fairbanks Sch 105,0.016
5385,Indianapolis Public Schools,5606,Robert Lee Frost School 106,0
5385,Indianapolis Public Schools,5607,Lew Wallace School 107,0.13
5385,Indianapolis Public Schools,5609,Jonathan Jennings School 109,0.17
5385,Indianapolis Public Schools,5614,Paul I Miller School 114,0.026
5385,Indianapolis Public Schools,5619,George S Buck School 94,0.029
5385,Indianapolis Public Schools,5623,Arlington Woods School 99,0.045
5385,Indianapolis Public Schools,5635,Center For Inquiry School 2,0.449
5385,Indianapolis Public Schools,5659,Center for Inquiry School 84,0.685
5385,Indianapolis Public Schools,5662,Clarence Farrington School 61,0.014
5385,Indianapolis Public Schools,5668,Center for Inquiry School 27,0.111
5385,Indianapolis Public Schools,5674,Frederick Douglass School 19,0.093
5390,Southside Sp Srvs Of Marion Co,5320,RISE Learning Center,NA
5400,School Town of Speedway,5893,James A Allison Elementary Sch 3,0.387
5400,School Town of Speedway,5897,Carl G Fisher Elementary School 1,0.455
5400,School Town of Speedway,5901,Arthur C Newby Elementary School 2,0.606
5400,School Town of Speedway,5905,Frank H Wheeler Elementary Sch 4,0.282
5455,Culver Community Schools Corp,5928,Culver Elementary School,0.259
5470,Argos Community Schools,5936,Argos Community Elementary,0.446
5480,Bremen Public Schools,5943,Bremen Elementary/Middle School,0.496
5485,Plymouth Community School Corp,5956,Riverside Intermediate,0.4
5495,Triton School Corporation,5922,Triton Elementary School,0.507
5520,Shoals Community School Corp,5989,Shoals Community Elementary School,0.263
5525,Loogootee Community Sch Corp,6001,Loogootee Middle School,0.556
5615,Maconaquah School Corp,6035,Maconaquah Elementary School,0.212
5620,North Miami Community Schools,6051,North Miami Elementary School,0.312
5625,Oak Hill United School Corp,2306,Swayzee Elementary School,0.744
5635,Peru Community Schools,6093,Blair Pointe Upper Elementary,0.388
5705,Richland-Bean Blossom C S C,6153,Edgewood Intermediate School,0.495
5740,Monroe County Community Sch Corp,6123,Unionville Elementary School,0.643
5740,Monroe County Community Sch Corp,6134,Lakeview Elementary School,0.415
5740,Monroe County Community Sch Corp,6157,Grandview Elementary School,0.321
5740,Monroe County Community Sch Corp,6162,Highland Park Elementary School,0.327
5740,Monroe County Community Sch Corp,6164,Summit Elementary School,0.266
5740,Monroe County Community Sch Corp,6173,Binford Elementary School,0.602
5740,Monroe County Community Sch Corp,6181,Arlington Heights Elementary Sch,0.178
5740,Monroe County Community Sch Corp,6187,Childs Elementary School,0.747
5740,Monroe County Community Sch Corp,6189,Clear Creek Elementary School,0.286
5740,Monroe County Community Sch Corp,6197,Fairview Elementary School,0.104
5740,Monroe County Community Sch Corp,6213,Marlin Elementary School,0.581
5740,Monroe County Community Sch Corp,6225,Templeton Elementary School,0.279
5740,Monroe County Community Sch Corp,6226,University Elementary School,0.736
5835,North Montgomery Com Sch Corp,6240,Pleasant Hill Elementary School,0.5
5835,North Montgomery Com Sch Corp,6243,Lester B Sommer Elementary School,0.271
5835,North Montgomery Com Sch Corp,6246,Sugar Creek Elementary School,0.622
5845,South Montgomery Com Sch Corp,6233,Ladoga Elementary School,0.704
5845,South Montgomery Com Sch Corp,6258,Walnut Elementary School,0.571
5845,South Montgomery Com Sch Corp,6269,New Market Elementary School,0.39
5855,Crawfordsville Community Schools,6289,Mollie B Hoover Elementary School,0.363
5900,Monroe-Gregg School District,6323,Monrovia Elementary School,0.33
5910,Eminence Community School Corp,6327,Eminence Elementary School,0.35
5925,MSD Martinsville Schools,6334,Bell Intermediate Academy,0.33
5930,Mooresville Con School Corp,6375,Neil Armstrong Elementary School,0.268
5930,Mooresville Con School Corp,6381,Newby Memorial Elementary School,0.367
5930,Mooresville Con School Corp,6385,North Madison Elementary School,0.253
5930,Mooresville Con School Corp,6387,Northwood Elementary School,0.241
5930,Mooresville Con School Corp,6393,Waverly Elementary School,0.543
5945,North Newton School Corp,6397,Morocco Elementary School,0.318
5945,North Newton School Corp,6405,Lake Village Elementary School,0.393
5945,North Newton School Corp,6409,Lincoln Elementary School,0.529
5995,South Newton School Corp,6431,South Newton Elementary School,0.625
6055,Central Noble Com School Corp,6454,Central Noble Elementary School,0.321
6060,East Noble School Corporation,6457,Avilla Elementary School,0.459
6060,East Noble School Corporation,6465,Rome City Elementary School,0.243
6060,East Noble School Corporation,6477,North Side Elementary School,0.25
6060,East Noble School Corporation,6478,South Side Elementary School,0.295
6060,East Noble School Corporation,6485,Wayne Center Elem School,0.51
6065,West Noble School Corporation,6509,West Noble Middle School,0.269
6080,Rising Sun-Ohio Co Com,6511,Ohio County Elementary School,0.566
6145,Orleans Community Schools,6577,Orleans Elementary School,0.46
6155,Paoli Community School Corp,6587,Throop Elementary School,0.372
6160,Springs Valley Com School Corp,6591,Springs Valley Elementary School,0.393
6195,Spencer-Owen Community Schools,6601,Patricksburg Elementary School,0.267
6195,Spencer-Owen Community Schools,6605,Gosport Elementary School,0.526
6195,Spencer-Owen Community Schools,6617,Spencer Elementary School,0.219
6195,Spencer-Owen Community Schools,6619,McCormick's Creek Elementary Sch,0.385
6260,Southwest Parke Com Sch Corp,6621,Rosedale Elementary School,0.513
6260,Southwest Parke Com Sch Corp,6629,Montezuma Elementary School,0.143
6325,Perry Central Com Schools Corp,6705,Perry Central Elementary School,0.36
6340,Cannelton City Schools,6733,Cannelton Elementary & High School,NA
6350,Tell City-Troy Twp School Corp,6745,William Tell Elementary School,0.412
6375,North Central Parke Comm Schl Corp,6645,Rockville Elementary School,0.609
6375,North Central Parke Comm Schl Corp,6647,Turkey Run Elementary School,0.667
6445,Pike County School Corp,6808,Winslow Elementary School,0.431
6445,Pike County School Corp,6809,Petersburg Elementary School,0.648
6455,Porter County Education Services,6811,Porter County Education Services,NA
6460,MSD Boone Township,6815,Hebron Elementary School,0.623
6470,Duneland School Corporation,6821,Liberty Intermediate School,0.715
6470,Duneland School Corporation,6926,Trojan Virtual Academy,NA
6470,Duneland School Corporation,6927,Westchester Intermediate School,0.616
6510,East Porter County School Corp,6828,Morgan Township Elementary School,0.769
6510,East Porter County School Corp,6835,Kouts Elementary School,0.544
6510,East Porter County School Corp,6852,Washington Twp Elementary School,0.577
6520,Porter Township School Corp,6837,Boone Grove Elementary School,0.505
6530,Union Township School Corp,6845,Union Center Elementary School,0.714
6530,Union Township School Corp,6846,John Simatovich Elementary School,0.366
6550,Portage Township Schools,6857,Wallace Aylesworth Elementary,0.26
6550,Portage Township Schools,6861,Crisman Elementary School,0.179
6550,Portage Township Schools,6865,Central Elementary School,0.221
6550,Portage Township Schools,6869,Ethel R Jones Elementary School,0.098
6550,Portage Township Schools,6874,Rowena Kyle Elementary School,0.256
6550,Portage Township Schools,6876,Paul Saylor Elementary School,0.3
6550,Portage Township Schools,6877,George L Myers Elementary School,0.206
6550,Portage Township Schools,6879,South Haven Elementary School,0.289
6560,Valparaiso Community Schools,6888,Thomas Jefferson Elementary School,0.413
6560,Valparaiso Community Schools,6891,Central Elementary School,0.455
6560,Valparaiso Community Schools,6893,Flint Lake Elementary School,0.418
6560,Valparaiso Community Schools,6897,Cooks Corners Elementary School,0.591
6560,Valparaiso Community Schools,6903,Heavilin Elementary School,0.461
6560,Valparaiso Community Schools,6913,Memorial Elementary School,0.803
6560,Valparaiso Community Schools,6917,Northview Elementary School,0.593
6560,Valparaiso Community Schools,6921,Parkview Elementary School,0.375
6590,MSD Mount Vernon,6961,West Elementary School,0.469
6590,MSD Mount Vernon,6965,Farmersville Elementary School,0.487
6590,MSD Mount Vernon,6969,Marrs Elementary School,0.756
6600,MSD North Posey Co Schools,6985,North Elementary School,0.458
6600,MSD North Posey Co Schools,6989,South Terrace Elementary,0.672
6620,Eastern Pulaski Community Sch Corp,6994,Eastern Pulaski Elementary School,0.393
6630,West Central School Corp,7027,West Central Elementary School,0.276
6705,South Putnam Community Schools,7055,Central Elementary School,0.235
6705,South Putnam Community Schools,7057,Fillmore Elementary School,0.583
6715,North Putnam Community Schools,7041,Bainbridge Elementary School,0.571
6715,North Putnam Community Schools,7045,Roachdale Elementary School,0.545
6750,Cloverdale Community Schools,7079,Cloverdale Distance Learning Academy,0.333
6750,Cloverdale Community Schools,7085,Cloverdale Middle School,0.405
6755,Greencastle Community School Corp,7102,Tzouanakis Intermediate School,0.406
6795,Union School Corporation,7117,Union Elementary School,0.267
6795,Union School Corporation,7122,Indiana Digital Elementary,0.058
6805,Randolph Southern School Corp,7113,Randolph Southern Elementary Sch,0.395
6820,Monroe Central School Corp,7152,Monroe Central Elementary School,0.357
6825,Randolph Central School Corp,7145,Willard Elementary School,0.5
6825,Randolph Central School Corp,7146,Deerfield Elementary School,0.516
6835,Randolph Eastern School Corp,7164,North Side Elementary School,0.181
6865,South Ripley Com Sch Corp,7178,South Ripley Elementary School,0.558
6895,Batesville Community School Corp,7229,Batesville Intermediate School,0.5
6900,Jac-Cen-Del Community Sch Corp,7203,Jac-Cen-Del Elementary School,0.367
6910,Milan Community Schools,7212,Milan Intermediate School,0.397
6995,Rush County Schools,7233,Milroy Elementary School,0.394
6995,Rush County Schools,7253,Arlington Elementary School,0.259
6995,Rush County Schools,7271,Rushville Elementary School,0.379
6995,Rush County Schools,7272,Rushville Elementary School West,0.222
7150,John Glenn School Corporation,7456,North Liberty School,0.468
7150,John Glenn School Corporation,7457,Walkerton Elementary School,0.568
7175,Penn-Harris-Madison School Corp,7323,Walt Disney Elementary School,0.31
7175,Penn-Harris-Madison School Corp,7324,Prairie Vista Elementary School,0.86
7175,Penn-Harris-Madison School Corp,7329,Mary Frank Harris Elementary Sch,0.318
7175,Penn-Harris-Madison School Corp,7341,Madison Elementary School,0.591
7175,Penn-Harris-Madison School Corp,7361,Elm Road Elementary School,0.478
7175,Penn-Harris-Madison School Corp,7365,Elsie Rogers Elementary School,0.346
7175,Penn-Harris-Madison School Corp,7377,Moran Elementary School,0.397
7175,Penn-Harris-Madison School Corp,7379,Bittersweet Elementary School,0.5
7175,Penn-Harris-Madison School Corp,7383,Horizon Elementary School,0.748
7175,Penn-Harris-Madison School Corp,7386,Meadow's Edge Elementary School,0.329
7175,Penn-Harris-Madison School Corp,7390,Northpoint Elementary School,0.843
7200,School City of Mishawaka,7459,Fred J Hums Elementary School,0.444
7200,School City of Mishawaka,7469,Battell Elementary School,0.367
7200,School City of Mishawaka,7473,Beiger Elementary School,0.364
7200,School City of Mishawaka,7478,Liberty Elementary School,0.138
7200,School City of Mishawaka,7481,Emmons Elementary School,0.15
7200,School City of Mishawaka,7485,Lasalle Elementary School,0.033
7200,School City of Mishawaka,7499,Twin Branch Elementary School,0.409
7205,South Bend Community School Corp,7248,South Bend Virtual School,NA
7205,South Bend Community School Corp,7417,Warren Elementary School,0.074
7205,South Bend Community School Corp,7425,Clay International Academy,0
7205,South Bend Community School Corp,7435,Darden Elementary School,0.135
7205,South Bend Community School Corp,7441,Swanson Traditional School,0.538
7205,South Bend Community School Corp,7533,Coquillard Elementary School,0.087
7205,South Bend Community School Corp,7545,Harrison Elementary School,0.02
7205,South Bend Community School Corp,7546,Marshall Traditional School,0.172
7205,South Bend Community School Corp,7555,Kennedy Academy,0.628
7205,South Bend Community School Corp,7561,Lincoln Elementary School,0.016
7205,South Bend Community School Corp,7569,McKinley Elementary School,0.162
7205,South Bend Community School Corp,7573,Madison S.T.E.A.M. Academy,0.04
7205,South Bend Community School Corp,7577,Marquette Montessori Academy,0.07
7205,South Bend Community School Corp,7585,Monroe Elementary School,0.205
7205,South Bend Community School Corp,7588,Wilson Elementary School,0.075
7205,South Bend Community School Corp,7593,Muessel Elementary School,0
7205,South Bend Community School Corp,7601,Nuner Fine Arts Academy,0.062
7215,Union-North United School Corp,7400,LaVille Elementary School,0.442
7230,Scott County School District 1,7630,Austin Elementary School,0.128
7255,Scott County School District 2,7633,Johnson Elementary School,0.517
7255,Scott County School District 2,7637,Lexington Elementary School,0.657
7255,Scott County School District 2,7649,Scottsburg Elem School,0.435
7255,Scott County School District 2,7653,Vienna-Finley Elementary School,0.438
7285,Shelby Eastern Schools,7663,Morristown Elementary School,0.345
7285,Shelby Eastern Schools,7667,Waldron Elementary School,0.583
7350,Northwestern Con School Corp,7697,Triton Central Middle School,0.5
7360,Southwestern Con Sch Shelby Co,7703,Southwestern Elementary School,0.512
7365,Shelbyville Central Schools,7725,Coulston Elementary School,0.205
7365,Shelbyville Central Schools,7729,Thomas A Hendricks Elementary Sch,0.3
7365,Shelbyville Central Schools,7733,William F Loper Elementary School,0.273
7385,North Spencer County Sch Corp,7751,Chrisney Elementary School,0.5
7385,North Spencer County Sch Corp,7753,David Turnham Education Center,0.722
7385,North Spencer County Sch Corp,7755,Nancy Hanks Elementary School,0.575
7385,North Spencer County Sch Corp,7767,Lincoln Trail Elementary School,0.717
7445,South Spencer County Sch Corp,7789,Luce Elementary School,0.321
7445,South Spencer County Sch Corp,7803,Rockport-Ohio Elementary School,0.31
7495,Oregon-Davis School Corp,7818,Oregon-Davis Elementary School,0.344
7515,North Judson-San Pierre Sch Corp,7851,North Judson-San Pierre Elem Sch,0.353
7525,Knox Community School Corp,7837,Knox Community Middle School,0.22
7605,Fremont Community Schools,7884,Fremont Middle School,0.389
7610,Hamilton Community Schools,7889,Hamilton Community Elementary Sch,0.619
7615,MSD Steuben County,7897,Carlin Park Elementary School,0.487
7615,MSD Steuben County,7899,Ryan Park Elementary School,0.431
7615,MSD Steuben County,7901,Hendry Park Elementary School,0.421
7615,MSD Steuben County,7905,Pleasant Lake Elementary School,0.65
7645,Northeast School Corp,7921,Northeast North Elementary School,0.211
7645,Northeast School Corp,7941,Northeast East Elementary School,0.35
7715,Southwest School Corporation,7953,Carlisle Elementary School,0.481
7715,Southwest School Corporation,7965,Sullivan Elementary School,0.243
7775,Switzerland County School Corp,7985,Jefferson-Craig Elementary School,0.292
7775,Switzerland County School Corp,7994,Switzerland Co Elementary School,0.593
7855,Lafayette School Corporation,8073,Lafayette Sunnyside Intermediate,0.202
7865,Tippecanoe School Corp,8005,Mayflower Mill Elementary School,0.472
7865,Tippecanoe School Corp,8006,Wyandotte Elementary,0.585
7865,Tippecanoe School Corp,8007,Hershey Elementary School,0.518
7865,Tippecanoe School Corp,8009,Mintonye Elementary School,0.47
7865,Tippecanoe School Corp,8017,Dayton Elementary School,0.516
7865,Tippecanoe School Corp,8019,Burnett Creek Elementary School,0.717
7865,Tippecanoe School Corp,8021,Wea Ridge Elementary School,0.26
7865,Tippecanoe School Corp,8024,Battle Ground Elementary School,0.588
7865,Tippecanoe School Corp,8035,James Cole Elementary School,0.721
7865,Tippecanoe School Corp,8042,Klondike Elementary School,0.484
7865,Tippecanoe School Corp,8111,Woodland Elementary School,0.267
7875,West Lafayette Com School Corp,8135,West Lafayette Intermediate School,0.75
7935,Tri-Central Community Schools,8154,Tri Central Elementary,0.45
7945,Tipton Community School Corp,8163,Tipton Elementary School,0.514
7950,Union Co/Clg Corner Joint Sch Dist,8209,Liberty Elementary School,0.468
7950,Union Co/Clg Corner Joint Sch Dist,8213,College Corner Union Elem School,0.263
7995,Evansville Vanderburgh School Corp,8207,EVSC Virtual Academy,0.182
7995,Evansville Vanderburgh School Corp,8225,Cynthia Heights Elementary School,0.618
7995,Evansville Vanderburgh School Corp,8229,Scott Elementary School,0.538
7995,Evansville Vanderburgh School Corp,8231,Oak Hill Elementary,0.568
7995,Evansville Vanderburgh School Corp,8242,McCutchanville Elementary School,0.702
7995,Evansville Vanderburgh School Corp,8251,Lincoln School,0.2
7995,Evansville Vanderburgh School Corp,8261,Caze Elementary School,0.018
7995,Evansville Vanderburgh School Corp,8265,Cedar Hall Community School,0.053
7995,Evansville Vanderburgh School Corp,8270,Academy for Innovative Studies,NA
7995,Evansville Vanderburgh School Corp,8285,Delaware Elementary School,0
7995,Evansville Vanderburgh School Corp,8289,Dexter Elementary School,0.06
7995,Evansville Vanderburgh School Corp,8293,Fairlawn Elementary School,0.119
7995,Evansville Vanderburgh School Corp,8301,Glenwood Leadership Academy,0.023
7995,Evansville Vanderburgh School Corp,8309,Harper Elementary School,0.153
7995,Evansville Vanderburgh School Corp,8317,Hebron Elementary School,0.246
7995,Evansville Vanderburgh School Corp,8321,Stockwell Elementary School,0.359
7995,Evansville Vanderburgh School Corp,8325,Highland Elementary School,0.404
7995,Evansville Vanderburgh School Corp,8329,Lodge Community School,0.026
7995,Evansville Vanderburgh School Corp,8353,Evans School,0.083
7995,Evansville Vanderburgh School Corp,8357,Stringtown Elementary School,0.324
7995,Evansville Vanderburgh School Corp,8361,Tekoppel Elementary School,0.247
7995,Evansville Vanderburgh School Corp,8365,Vogel Elementary School,0.247
7995,Evansville Vanderburgh School Corp,8376,Daniel Wertz Elementary School,0.13
7995,Evansville Vanderburgh School Corp,8381,West Terrace Elementary School,0.469
8010,North Vermillion Com Sch Corp,8403,North Vermillion Elementary School,0.404
8020,South Vermillion Com Sch Corp,8409,Central Elementary School,0.537
8020,South Vermillion Com Sch Corp,8431,Ernie Pyle Elementary School,0.395
8020,South Vermillion Com Sch Corp,8435,Van Duyn Elementary School,0.359
8030,Vigo County School Corp,8483,Vigo Virtual School Academy,NA
8030,Vigo County School Corp,8497,Sugar Creek Consolidated Elem Sch,0.205
8030,Vigo County School Corp,8505,Davis Park Elementary School,0.231
8030,Vigo County School Corp,8510,Adelaide De Vaney Elementary Sch,0.508
8030,Vigo County School Corp,8511,Dixie Bee Elementary School,0.452
8030,Vigo County School Corp,8517,Farrington Grove Elementary School,0.091
8030,Vigo County School Corp,8521,Fayette Elementary School,0.372
8030,Vigo County School Corp,8525,Rio Grande Elementary School,0.29
8030,Vigo County School Corp,8533,Benjamin Franklin Elem School,0.132
8030,Vigo County School Corp,8537,Blanche E Fuqua Elementary School,0.244
8030,Vigo County School Corp,8543,Hoosier Prairie Elementary School,0.369
8030,Vigo County School Corp,8549,Lost Creek Elementary School,0.515
8030,Vigo County School Corp,8575,Ouabache Elementary School,0.281
8030,Vigo County School Corp,8593,Riley Elementary School,0.483
8030,Vigo County School Corp,8605,Sugar Grove Elementary School,0.255
8030,Vigo County School Corp,8607,Terre Town Elementary School,0.379
8045,Manchester Community Schools,8645,Manchester Intermediate School,0.43
8050,MSD Wabash County Schools,8656,Southwood Elementary School,0.667
8050,MSD Wabash County Schools,8657,Sharp Creek Elementary School,0.609
8060,Wabash City Schools,8694,Wabash Middle School,0.275
8115,MSD Warren County,8729,Williamsport Elementary School,0.179
8115,MSD Warren County,8733,Pine Village Elementary School,0.382
8115,MSD Warren County,8744,Warren Central Elementary School,0.415
8130,Warrick County School Corp,8761,Yankeetown Elementary School,0.714
8130,Warrick County School Corp,8764,John H Castle Elementary School,0.69
8130,Warrick County School Corp,8769,Elberfeld Elementary School,0.64
8130,Warrick County School Corp,8773,Lynnville Elementary School,0.273
8130,Warrick County School Corp,8777,Loge Elementary School,0.757
8130,Warrick County School Corp,8785,Tennyson Elementary School,0.545
8130,Warrick County School Corp,8801,Oakdale Elementary School,0.366
8130,Warrick County School Corp,8813,Chandler Elementary School,0.62
8130,Warrick County School Corp,8817,Newburgh Elementary School,0.845
8130,Warrick County School Corp,8819,Sharon Elementary School,0.554
8205,Salem Community Schools,8864,Bradie Shrum Elementary,0.597
8215,East Washington School Corp,8906,East Washington Middle School,0.417
8220,West Washington School Corp,8894,West Washington Elementary School,0.468
8305,Nettle Creek School Corporation,8989,Hagerstown Elementary School,0.367
8355,Western Wayne Schools,8971,Western Wayne Elementary School,0.404
8360,Centerville-Abington Com Schs,8983,Centerville-Abington Elem School,0.556
8375,Northeastern Wayne Schools,8928,Northeastern Elementary School,0.459
8385,Richmond Community Schools,8997,Test Intermediate School,0.204
8385,Richmond Community Schools,9056,Community Youth Services,NA
8425,Southern Wells Com Schools,9057,Southern Wells Elementary School,0.429
8435,Northern Wells Community Schools,9081,Ossian Elementary,0.481
8435,Northern Wells Community Schools,9085,Lancaster Central School,0.362
8445,MSD Bluffton-Harrison,9093,Bluffton-Harrison Middle School,0.494
8515,North White School Corp,9119,North White Elementary School,0.268
8525,Frontier School Corporation,9113,Frontier Elementary,0.5
8535,Tri-County School Corporation,9143,Tri-County Intermediate School,0.417
8565,Twin Lakes School Corp,9163,Meadowlawn Elementary School,0.271
8625,Smith-Green Community Schools,9197,Churubusco Elementary School,0.628
8665,Whitley County Con Schools,9178,Little Turtle Elementary School,0.326
8665,Whitley County Con Schools,9179,Coesse School,0.239
8665,Whitley County Con Schools,9186,Northern Heights Elementary School,0.437
8665,Whitley County Con Schools,9196,Mary Raber Elementary School,0.261
8675,Invent Learning Hub,9532,Invent Learning Hub,0
8685,PLA at George H Fisher School 93,5593,PLA at George H Fisher School 93,0
8690,Dynamic Minds Academy,8692,Dynamic Minds Academy,NA
8950,Phalen Leadership Academy at Francis Scott Key School 103,5603,Phalen at Francis Scott Key 103,0.029
8980,The PATH School,9971,The PATH School,0
9000,Phalen Virtual Leadership Academy,9992,Phalen Virtual Leadership Academy,0.138
9030,Otwell Miller Academy,2019,Otwell Miller Academy,0.083
9040,Avondale Meadows Middle School,7094,Avondale Meadows Middle School,0.212
9054,The Genius School,9924,The Genius School,0.167
9065,Allegiant Preparatory Academy,1002,Allegiant Preparatory Academy,NA
9080,Vanguard Collegiate of Indy,1004,Vanguard Collegiate of Indy,NA
9085,pilotED Schools,1006,Bethel Park Elementary | pilotED Schools,0
9090,Matchbook Learning,1041,Matchbook Learning,0
9095,Urban ACT Academy,9094,Urban ACT Academy,0.026
9130,Adelante Schools,9993,Emma Donnan Elementary and Middle,0.16
9150,Circle City Prep Charter School,1126,Circle City Preparatory Elementary School,0.148
9165,Paramount Englewood,7861,Paramount Englewood,0.023
9200,Archdiocese of Indianapolis,A425,St Bartholomew School,0.66
9200,Archdiocese of Indianapolis,A550,St John Paul II Catholic School,0.667
9200,Archdiocese of Indianapolis,A560,Saint Anthony of Padua,0.742
9200,Archdiocese of Indianapolis,A570,Sacred Heart School,0.619
9200,Archdiocese of Indianapolis,A680,Saint Nicholas School,0.444
9200,Archdiocese of Indianapolis,A700,Saint Lawrence School,0.536
9200,Archdiocese of Indianapolis,A730,Saint Mary's School,0.788
9200,Archdiocese of Indianapolis,B035,Saint Gabriel Catholic School,0.857
9200,Archdiocese of Indianapolis,B050,Holy Family School,0.727
9200,Archdiocese of Indianapolis,B060,Our Lady Of Perpetual Help School,0.75
9200,Archdiocese of Indianapolis,B067,St Mary of-the-Knobs Catholic Sch,0.897
9200,Archdiocese of Indianapolis,B095,Saint Michael School,0.579
9200,Archdiocese of Indianapolis,B265,Saint Michael School,0.538
9200,Archdiocese of Indianapolis,B280,Saint Joseph School,NA
9200,Archdiocese of Indianapolis,B285,Saint Malachy School,0.583
9200,Archdiocese of Indianapolis,B300,Saint Susanna School,0.688
9200,Archdiocese of Indianapolis,B440,Saint Ambrose School,0.529
9200,Archdiocese of Indianapolis,B510,Pope John XXIII Elementary School,0.478
9200,Archdiocese of Indianapolis,B515,Saint Mary's School,0.478
9200,Archdiocese of Indianapolis,B518,St Rose of Lima School,0.4
9200,Archdiocese of Indianapolis,B535,Our Lady of the Greenwood School,0.524
9200,Archdiocese of Indianapolis,B540,SS Francis and Clare Catholic Sch,0.692
9200,Archdiocese of Indianapolis,C160,Saint Vincent DePaul School,0.909
9200,Archdiocese of Indianapolis,C265,Nativity Catholic School,0.757
9200,Archdiocese of Indianapolis,C280,Saint Lawrence School,0.28
9200,Archdiocese of Indianapolis,C295,Saint Barnabas School,0.61
9200,Archdiocese of Indianapolis,C300,Saint Jude Elementary School,0.709
9200,Archdiocese of Indianapolis,C305,Saint Mark School,0.655
9200,Archdiocese of Indianapolis,C310,Saint Roch School,0.812
9200,Archdiocese of Indianapolis,C390,Holy Spirit School,0.283
9200,Archdiocese of Indianapolis,C435,Saint Luke School,0.825
9200,Archdiocese of Indianapolis,C440,Saint Matthew School,0.613
9200,Archdiocese of Indianapolis,C445,Saint Monica School,0.219
9200,Archdiocese of Indianapolis,C450,Saint Pius X School,0.812
9200,Archdiocese of Indianapolis,C545,Holy Name Catholic School,0.2
9200,Archdiocese of Indianapolis,C585,Christ The King School,0.689
9200,Archdiocese of Indianapolis,C590,Holy Angels Catholic School,0.25
9200,Archdiocese of Indianapolis,C595,Holy Cross Central School,0.176
9200,Archdiocese of Indianapolis,C600,Immaculate Heart of Mary School,0.914
9200,Archdiocese of Indianapolis,C605,Our Lady Of Lourdes School,0.429
9200,Archdiocese of Indianapolis,C615,St Anthony Catholic School,0.222
9200,Archdiocese of Indianapolis,C625,Central Catholic School,0.292
9200,Archdiocese of Indianapolis,C645,Saint Joan Of Arc School,0.455
9200,Archdiocese of Indianapolis,C650,St Michael St Gabriel Archangels School,0.175
9200,Archdiocese of Indianapolis,C655,Saint Philip Neri School,0.143
9200,Archdiocese of Indianapolis,C665,Saint Simon The Apostle School,0.623
9200,Archdiocese of Indianapolis,C670,St Therese Little Flower School,0.278
9200,Archdiocese of Indianapolis,C675,Saint Thomas Aquinas School,0.773
9200,Archdiocese of Indianapolis,C795,Saint Christopher School,0.5
9200,Archdiocese of Indianapolis,C900,Saint Charles Borromeo School,0.686
9200,Archdiocese of Indianapolis,D130,Saint Louis School,0.957
9200,Archdiocese of Indianapolis,D140,Saint Mary Elementary School,0.545
9200,Archdiocese of Indianapolis,D335,Saint Joseph School,0.562
9200,Archdiocese of Indianapolis,D720,Saint Patrick School,0.324
9200,Archdiocese of Indianapolis,D840,Seton Catholic Elementary,0.656
9205,Diocese of Gary,B755,Aquinas School at St Andrew's,0.174
9205,Diocese of Gary,B775,Saint Michael School,0.722
9205,Diocese of Gary,B780,Saint John Evangelist School,0.83
9205,Diocese of Gary,B835,Saint Mary Catholic Comm School,0.346
9205,Diocese of Gary,B865,St Stanislaus School,0.217
9205,Diocese of Gary,B930,Saint Mary School,0.179
9205,Diocese of Gary,B950,Saint Casimir School,0.471
9205,Diocese of Gary,B960,Saint John Bosco School,0.13
9205,Diocese of Gary,B965,Saint John The Baptist School,0.414
9205,Diocese of Gary,C025,Our Lady Of Grace School,0.444
9205,Diocese of Gary,C060,Saint Thomas More School,0.564
9205,Diocese of Gary,C105,Notre Dame Catholic School,0.824
9205,Diocese of Gary,C110,Queen Of All Saints School,0.077
9205,Diocese of Gary,C120,Saint Stanislaus Kostka School,0.286
9205,Diocese of Gary,D050,Saint Patrick School,0.815
9205,Diocese of Gary,D065,Nativity of Our Savior School,0.467
9205,Diocese of Gary,D085,Saint Paul Catholic School,0.8
9210,Diocese of Lafayette Catholic Sch,A470,Sacred Heart School,0.786
9210,Diocese of Lafayette Catholic Sch,A795,St. Michael Catholic School,0.455
9210,Diocese of Lafayette Catholic Sch,B155,Saint Paul Parish School,0.381
9210,Diocese of Lafayette Catholic Sch,B215,Our Lady Of Mt Carmel School,0.867
9210,Diocese of Lafayette Catholic Sch,B216,Saint Maria Goretti School,0.7
9210,Diocese of Lafayette Catholic Sch,B227,Saint Louis de Montfort School,0.895
9210,Diocese of Lafayette Catholic Sch,B246,Our Lady of Grace School,0.568
9210,Diocese of Lafayette Catholic Sch,B395,Sts Joan of Arc & Patrick School,0.5
9210,Diocese of Lafayette Catholic Sch,B475,Saint Augustine School,NA
9210,Diocese of Lafayette Catholic Sch,C190,Saint Mary School,NA
9210,Diocese of Lafayette Catholic Sch,C211,Holy Cross School,0.316
9210,Diocese of Lafayette Catholic Sch,D420,Saint Boniface School,0.769
9210,Diocese of Lafayette Catholic Sch,D425,Saint Lawrence Elementary School,0.72
9215,Diocese of Evansville,A660,Washington Catholic Mid/High Sch,0.842
9215,Diocese of Evansville,A871,Holy Trinity Catholic School,0.686
9215,Diocese of Evansville,B105,St Joseph School,0.615
9215,Diocese of Evansville,B115,Holy Cross School,0.9
9215,Diocese of Evansville,B120,Saint James School,0.929
9215,Diocese of Evansville,B125,Saints Peter & Paul School,0.917
9215,Diocese of Evansville,B565,Flaget Elementary School,0.412
9215,Diocese of Evansville,D095,St Matthew School,0.385
9215,Diocese of Evansville,D100,St Philip School,0.769
9215,Diocese of Evansville,D105,Saint Wendel School,0.923
9215,Diocese of Evansville,D370,St Bernard Catholic School,NA
9215,Diocese of Evansville,D545,Annuc Cthlc Sch @ Christ the King,0.579
9215,Diocese of Evansville,D550,Corpus Christi School,0.733
9215,Diocese of Evansville,D555,Good Shepherd School,0.967
9215,Diocese of Evansville,D560,Holy Redeemer School,0.556
9215,Diocese of Evansville,D565,Holy Rosary School,0.688
9215,Diocese of Evansville,D570,Annunciation Cthlc at Holy Spirit,0.294
9215,Diocese of Evansville,D580,Westside Catholic School,0.722
9215,Diocese of Evansville,D590,St Benedict Cathedral School,0.889
9215,Diocese of Evansville,D605,Saint Joseph School,0.882
9215,Diocese of Evansville,D610,Resurrection School,0.677
9215,Diocese of Evansville,D815,Saint John The Baptist School,0.738
9220,Diocese of Fort Wayne - South Bend,A035,Saint Joseph School,0.286
9220,Diocese of Fort Wayne - South Bend,A104,Saint Elizabeth Ann Seton Catholic Sch,0.343
9220,Diocese of Fort Wayne - South Bend,A106,Our Lady School,0.222
9220,Diocese of Fort Wayne - South Bend,A130,Most Precious Blood School,0.304
9220,Diocese of Fort Wayne - South Bend,A135,Queen Of Angels School,0.7
9220,Diocese of Fort Wayne - South Bend,A145,Saint Charles Borromeo School,0.403
9220,Diocese of Fort Wayne - South Bend,A150,Saint John The Baptist School,0.304
9220,Diocese of Fort Wayne - South Bend,A155,Saint Joseph Catholic School,0.222
9220,Diocese of Fort Wayne - South Bend,A160,Saint Jude Elementary School,0.525
9220,Diocese of Fort Wayne - South Bend,A175,Saint Therese School,0.333
9220,Diocese of Fort Wayne - South Bend,A180,Saint Vincent DePaul School,0.648
9220,Diocese of Fort Wayne - South Bend,A270,Saint Aloysius Catholic School,NA
9220,Diocese of Fort Wayne - South Bend,A340,Saint Rose of Lima School,0.3
9220,Diocese of Fort Wayne - South Bend,A350,St Joseph Hessen Cassel Cath Sch,0.8
9220,Diocese of Fort Wayne - South Bend,A355,Saint John The Baptist Catholic,0.25
9220,Diocese of Fort Wayne - South Bend,A360,Saint Louis Besancon Catholic Sch,0.429
9220,Diocese of Fort Wayne - South Bend,A735,Saint Joseph School,0.462
9220,Diocese of Fort Wayne - South Bend,A975,St Thomas The Apostle School,0.769
9220,Diocese of Fort Wayne - South Bend,A980,St Vincent de Paul School,0.19
9220,Diocese of Fort Wayne - South Bend,B020,St John Evangelist School,0.312
9220,Diocese of Fort Wayne - South Bend,B418,Huntington Catholic School,0.412
9220,Diocese of Fort Wayne - South Bend,B605,Sacred Heart School,0.6
9220,Diocese of Fort Wayne - South Bend,C855,Saint Michael School,0.368
9220,Diocese of Fort Wayne - South Bend,C980,Saint Mary Elementary School,0.625
9220,Diocese of Fort Wayne - South Bend,D164,St Pius X Catholic School,0.898
9220,Diocese of Fort Wayne - South Bend,D177,Mishawaka Catholic School,0.593
9220,Diocese of Fort Wayne - South Bend,D198,Queen of Peace School,0.7
9220,Diocese of Fort Wayne - South Bend,D230,Christ The King School,0.667
9220,Diocese of Fort Wayne - South Bend,D235,Corpus Christi School,0.688
9220,Diocese of Fort Wayne - South Bend,D240,Holy Cross School,0.259
9220,Diocese of Fort Wayne - South Bend,D245,Holy Family School,0.103
9220,Diocese of Fort Wayne - South Bend,D250,Our Lady Of Hungary School,0.4
9220,Diocese of Fort Wayne - South Bend,D255,Saint Adalbert School,0.28
9220,Diocese of Fort Wayne - South Bend,D260,Saint Anthony De Padua School,0.703
9220,Diocese of Fort Wayne - South Bend,D265,Saint John The Baptist School,0.1
9220,Diocese of Fort Wayne - South Bend,D270,Saint Joseph School,0.755
9220,Diocese of Fort Wayne - South Bend,D275,Saint Jude Catholic School,0.667
9220,Diocese of Fort Wayne - South Bend,D285,Saint Matthew Cathedral School,0.364
9220,Diocese of Fort Wayne - South Bend,D805,Saint Bernard Elementary School,0.455
9230,Lutheran Schools of Indiana,A040,St Peter Immanuel Lutheran School,NA
9230,Lutheran Schools of Indiana,A045,Wyneken Memorial Lutheran School,0.273
9230,Lutheran Schools of Indiana,A200,Suburban Bethlehem Lutheran School,0.556
9230,Lutheran Schools of Indiana,A205,Concordia Lutheran School,0.489
9230,Lutheran Schools of Indiana,A215,Emmanuel St Michael Lutheran Sch,0.87
9230,Lutheran Schools of Indiana,A220,Emmaus Lutheran School,0.357
9230,Lutheran Schools of Indiana,A225,Holy Cross Lutheran School,0.689
9230,Lutheran Schools of Indiana,A235,Lutheran South Unity School,0.308
9230,Lutheran Schools of Indiana,A245,Saint Paul Lutheran School,0.286
9230,Lutheran Schools of Indiana,A248,Ascension Lutheran School,NA
9230,Lutheran Schools of Indiana,A250,Saint Peter's Lutheran School,0.458
9230,Lutheran Schools of Indiana,A365,St John-Emmanuel Lutheran School,1
9230,Lutheran Schools of Indiana,A370,Central Lutheran School,0.606
9230,Lutheran Schools of Indiana,A375,Woodburn Lutheran School,0.818
9230,Lutheran Schools of Indiana,A430,White Creek Lutheran School,0.333
9230,Lutheran Schools of Indiana,A435,Saint Peters Lutheran School,0.625
9230,Lutheran Schools of Indiana,A695,Saint John Ev Lutheran School,NA
9230,Lutheran Schools of Indiana,A985,Trinity Lutheran School,0.565
9230,Lutheran Schools of Indiana,B260,Zion Lutheran School,0.75
9230,Lutheran Schools of Indiana,B275,Saint John Lutheran School,NA
9230,Lutheran Schools of Indiana,B367,Redeemer Lutheran School,0.333
9230,Lutheran Schools of Indiana,B445,Immanuel Lutheran School,0.5
9230,Lutheran Schools of Indiana,B450,Saint John Lutheran School,NA
9230,Lutheran Schools of Indiana,B465,Lutheran Central School,0.467
9230,Lutheran Schools of Indiana,B850,Trinity Lutheran School,0.562
9230,Lutheran Schools of Indiana,B892,Ascension Lutheran Christian Schl,NA
9230,Lutheran Schools of Indiana,C050,Trinity Lutheran School,NA
9230,Lutheran Schools of Indiana,C065,St Paul's Lutheran School,0.417
9230,Lutheran Schools of Indiana,C150,Saint John Lutheran School,NA
9230,Lutheran Schools of Indiana,C267,Holy Cross Lutheran School,0.447
9230,Lutheran Schools of Indiana,C315,Calvary Lutheran School,0.704
9230,Lutheran Schools of Indiana,C395,Trinity Lutheran School,0.056
9230,Lutheran Schools of Indiana,C400,Saint John Ev Lutheran School,0.381
9230,Lutheran Schools of Indiana,C512,Our Shepherd Lutheran School,0.619
9230,Lutheran Schools of Indiana,C680,Emmaus Lutheran School,NA
9230,Lutheran Schools of Indiana,C985,St John Lutheran School,0.667
9230,Lutheran Schools of Indiana,D090,Immanuel Lutheran School,0.8
9230,Lutheran Schools of Indiana,D317,Resurrection Lutheran Academy,NA
9230,Lutheran Schools of Indiana,D375,Saint Peter Lutheran School,0.833
9230,Lutheran Schools of Indiana,D435,Saint James Lutheran School,0.636
9230,Lutheran Schools of Indiana,D625,Evansville Lutheran School,0.5
9240,The Oaks Academy,B297,The Oaks Academy - Brookside,0.596
9240,The Oaks Academy,C773,The Oaks Academy - Fall Creek,0.695
9310,Charter School of the Dunes,1535,Charter School of the Dunes,0.018
9320,Community Montessori Inc,1536,Community Montessori,0.385
9330,Irvington Community School,1537,Irvington Community School,0.362
9350,Timothy L Johnson Academy,1539,Timothy L Johnson Academy,0
9365,Enlace Academy,5667,Enlace Academy,0.054
9380,Christel House Academy South,5874,Christel House Academy South,0.042
9395,Christel House Academy West,5871,Christel House Academy West,0.096
9410,KIPP Indy Unite Elementary,5741,KIPP Indy Unite Elementary,0.05
9425,Tindley Genesis Academy,5621,Tindley Genesis Academy,0.037
9430,Tindley Summit Academy,5629,Tindley Summit Academy,0.032
9460,Thea Bowman Leadership Academy,4022,Thea Bowman Leadership Academy,0.111
9465,Rural Community Schools Inc,7951,Rural Community Academy,NA
9485,SE Neighborhood Sch of Excellence,5868,SE Neighborhood Sch of Excellence,0.159
9495,Joshua Academy,8203,Joshua Academy,0.034
9531,Paramount Online Academy,9701,Paramount Online Academy,0
9534,Indy Steam Academy,9704,Indy Steam Academy,0.045
9535,Gary Lighthouse Charter School,4130,Gary Lighthouse Charter School,0.05
9536,Lawrence County Independent Schools,9706,Lawrence County Independent Schools,0.391
9537,The Nature School of Central Indiana,9707,The Nature School of Central Indiana,0.222
9545,21st Century Charter Sch of Gary,4164,21st Century Charter Sch of Gary,0.11
9555,East Chicago Urban Enterprise Academy,3935,East Chicago Urban Enterprise Academy,0.2
9575,Victory College Prep,5523,Victory College Prep,0.109
9595,East Chicago Lighthouse Charter,3971,East Chicago Lighthouse,0.02
9605,IN Sch for the Blind & Vis Imprd,C460,IN Sch for the Blind & Vis Imprd,NA
9610,Indiana School For The Deaf,C695,Indiana School For The Deaf,0.184
9615,Andrew J Brown Academy,5488,Andrew J Brown Academy,0.107
9620,Burris Laboratory School,1441,Burris Laboratory School,0.644
9665,Geist Montessori Academy,2572,Geist Montessori Academy,0.174
9680,Paramount Brookside,5508,Paramount Brookside,0.236
9685,Aspire Charter Academy,4043,Aspire Charter Academy,0.103
9690,Renaissance Academy Charter School,4711,Renaissance Academy Charter School,0.486
9722,Springville Community Academy,9107,Springville Community Academy,0.263
9725,Canaan Community Academy,3312,Canaan Community Academy,0.111
9735,Inspire Academy - A Sch of Inquiry,1518,Inspire Academy - A Sch of Inquiry,0.056
9737,Liberty Grove Schools,9002,Liberty Grove Schools,0.033
9760,Smith Academy for Excellence,0242,Smith Academy for Excellence,NA
9785,IN Math & Science Academy,5837,IN Math & Science Academy,0.38
9790,Anderson Preparatory Academy,5092,Anderson Preparatory Academy,0.033
9835,The Bloomington Project School,6215,The Bloomington Project School,0.643
9870,Discovery Charter School,6824,Discovery Charter School,0.508
9875,Rock Creek Community Academy,0771,Rock Creek Community Academy,0.289
9895,IN Math & Science Academy - North,5444,IN Math & Science Academy - North,0.125
9905,Indiana Connections Academy,7944,Indiana Connections Academy,0.306
9920,Damar Charter Academy,5191,Damar Charter Academy,NA
9925,Phalen Leadership Academy - IN Inc,5496,Phalen Leadership Academy - IN Inc,0.087
9935,Vision Academy,5899,Vision Academy,0.047
9950,Dugger Union Community School Corp,7952,Dugger Union Community School Corp,0.267
9954,Phalen Leadership Academy at Louis B Russell School 48,5548,Louis B Russell Jr School 48,0
9955,Mays Community Academy,7231,Mays Community Academy,0.15
9960,Success Academy Primary School,7562,Success Academy Primary School,0.055
9970,ACE Preparatory Academy,1111,ACE Preparatory Academy,0.174
9975,Global Preparatory Academy,1112,Global Preparatory Academy,0
9980,Steel City Academy,1113,Steel City Academy,0.12
9985,Seven Oaks Classical School,1114,Seven Oaks Classical School,0.65
9990,Higher Institute of Arts & Tech,1116,Higher Institute of Arts & Tech,0
-999,Independent Non-Public Schools,A004,Hagia Sophia Classical Academy,NA
-999,Independent Non-Public Schools,A102,Maple Creek Adventist Academy,NA
-999,Independent Non-Public Schools,A119,Dana Christian School Corporation,NA
-999,Independent Non-Public Schools,A121,Riverview Adventist Christian Acad,NA
-999,Independent Non-Public Schools,A126,Edinburgh Christian School,NA
-999,Independent Non-Public Schools,A149,Apogee School For The Gifted,NA
-999,Independent Non-Public Schools,A172,Blackhawk Christian Elementary Sch,0.847
-999,Independent Non-Public Schools,A249,Central Christian School,NA
-999,Independent Non-Public Schools,A260,Aboite Christian School,NA
-999,Independent Non-Public Schools,A275,Crossroad Child & Family Services,NA
-999,Independent Non-Public Schools,A303,FaithPrep Indiana,NA
-999,Independent Non-Public Schools,A304,GEO Focus Academy,0
-999,Independent Non-Public Schools,A306,Harriet Tubman School of Excellence,NA
-999,Independent Non-Public Schools,A308,Islamic Academy of Kendallville,NA
-999,Independent Non-Public Schools,A311,Saint Thomas More Academy,0.688
-999,Independent Non-Public Schools,A450,Columbus Christian School Inc,0.333
-999,Independent Non-Public Schools,A724,Good Shepherd Christian Academy,NA
-999,Independent Non-Public Schools,A740,Lakewood Park Christian School,0.463
-999,Independent Non-Public Schools,A746,Heritage Hall Christian School,0.545
-999,Independent Non-Public Schools,A875,Clinton Christian School,0.375
-999,Independent Non-Public Schools,A990,Elkhart Christian Academy,0.683
-999,Independent Non-Public Schools,B015,Bethany Christian School,0.65
-999,Independent Non-Public Schools,B045,Christian Academy of Indiana,0.63
-999,Independent Non-Public Schools,B085,Covington Christian School,NA
-999,Independent Non-Public Schools,B129,Life Christian STEAM Academy,NA
-999,Independent Non-Public Schools,B136,The King's Academy,0.364
-999,Independent Non-Public Schools,B145,Lakeview Christian School Inc,0.5
-999,Independent Non-Public Schools,B160,Eman Schools,0.645
-999,Independent Non-Public Schools,B161,Fishers Christian Academy,0.667
-999,Independent Non-Public Schools,B195,Cicero Adventist School,NA
-999,Independent Non-Public Schools,B205,Union Bible College & Academy,NA
-999,Independent Non-Public Schools,B248,Legacy Christian School,0.52
-999,Independent Non-Public Schools,B290,Bethesda Christian School,0.8
-999,Independent Non-Public Schools,B295,Kingsway Christian School,0.633
-999,Independent Non-Public Schools,B299,Legacy Learning Center,0.2
-999,Independent Non-Public Schools,B302,Universal School of Plainfield,NA
-999,Independent Non-Public Schools,B455,Sandy Creek Christian Academy,0.455
-999,Independent Non-Public Schools,B470,DeMotte Christian School,0.429
-999,Independent Non-Public Schools,B483,Jay County Christian Academy,0.167
-999,Independent Non-Public Schools,B493,Christian Academy of Madison,0.231
-999,Independent Non-Public Schools,B549,Greenwood Christian School,0.643
-999,Independent Non-Public Schools,B595,Lakeland Christian Academy,0.95
-999,Independent Non-Public Schools,B771,Crown Point Christian School,0.533
-999,Independent Non-Public Schools,B806,Ambassador Christian Academy,NA
-999,Independent Non-Public Schools,B815,Calumet Christian School,0.167
-999,Independent Non-Public Schools,B821,Indiana Horizon Academy,0.267
-999,Independent Non-Public Schools,B951,Morning Star Academy,NA
-999,Independent Non-Public Schools,C020,Highland Christian School,0.646
-999,Independent Non-Public Schools,C112,Door Prairie Adventist School,NA
-999,Independent Non-Public Schools,C130,Saint Paul Lutheran School,NA
-999,Independent Non-Public Schools,C175,Indiana Christian Academy,0.545
-999,Independent Non-Public Schools,C215,Cross Street Christian School,NA
-999,Independent Non-Public Schools,C226,Liberty Christian Elementary,0.407
-999,Independent Non-Public Schools,C250,Anderson Christian School,NA
-999,Independent Non-Public Schools,C271,Curtis Wilson Primary School,NA
-999,Independent Non-Public Schools,C275,Heritage Christian School,0.691
-999,Independent Non-Public Schools,C281,Cornerstone Baptist Academy,NA
-999,Independent Non-Public Schools,C282,Horizon Christian School,0.35
-999,Independent Non-Public Schools,C325,Suburban Christian School,0.378
-999,Independent Non-Public Schools,C349,Southport Presbyterian Chrst Sch,0.727
-999,Independent Non-Public Schools,C375,Traders Point Christian Schools,0.5
-999,Independent Non-Public Schools,C396,Burge Terrace Christian School,0.364
-999,Independent Non-Public Schools,C455,Indianapolis Junior Academy,NA
-999,Independent Non-Public Schools,C475,Hasten Hebrew Acad of Indianapolis,NA
-999,Independent Non-Public Schools,C495,Colonial Christian School,0.905
-999,Independent Non-Public Schools,C513,Islamic Academy of Indianapolis,NA
-999,Independent Non-Public Schools,C514,Crosspointe Christian Academy,0.333
-999,Independent Non-Public Schools,C519,Chapel Hill Christian School,NA
-999,Independent Non-Public Schools,C561,Trinity Christian School,0.077
-999,Independent Non-Public Schools,C563,Shepherd Community Academy,NA
-999,Independent Non-Public Schools,C575,Central Christian Academy,0.3
-999,Independent Non-Public Schools,C580,Calvary Christian School,0.429
-999,Independent Non-Public Schools,C589,The Independence Academy,NA
-999,Independent Non-Public Schools,C628,MTI School of Knowledge,0.103
-999,Independent Non-Public Schools,C679,Indianapolis Southside Christian,NA
-999,Independent Non-Public Schools,C690,Capitol City SDA Church School,NA
-999,Independent Non-Public Schools,C699,TP Schools,0.533
-999,Independent Non-Public Schools,C791,School for Community Learning,NA
-999,Independent Non-Public Schools,C905,Adventist Christian Elementary,NA
-999,Independent Non-Public Schools,C910,Covenant Christian School,0.25
-999,Independent Non-Public Schools,C927,Lighthouse Christian Academy,0.65
-999,Independent Non-Public Schools,C933,Clear Creek Christian School,0.692
-999,Independent Non-Public Schools,C940,Tabernacle Christian School,0.714
-999,Independent Non-Public Schools,C965,Mooresville Christian Academy,0.308
-999,Independent Non-Public Schools,C966,Greenwood Christian Academy,0.643
-999,Independent Non-Public Schools,D063,Emmanuel Baptist Academy,NA
-999,Independent Non-Public Schools,D073,Victory Christian Academy,0.583
-999,Independent Non-Public Schools,D080,Portage Christian School,0.333
-999,Independent Non-Public Schools,D158,North Liberty Christian School,0.167
-999,Independent Non-Public Schools,D189,Covenant Christian School,0.579
-999,Independent Non-Public Schools,D195,South Bend Hebrew Day School,0.333
-999,Independent Non-Public Schools,D249,New Vision Christian Academy,NA
-999,Independent Non-Public Schools,D300,South Bend Jr Academy School,NA
-999,Independent Non-Public Schools,D305,Community Baptist Christian School,0.6
-999,Independent Non-Public Schools,D310,Granger Christian School,0.438
-999,Independent Non-Public Schools,D315,"Michiana Christian Academy, Inc.",NA
-999,Independent Non-Public Schools,D329,Grace Christian Academy Inc,0.417
-999,Independent Non-Public Schools,D440,Lafayette Christian School,0.654
-999,Independent Non-Public Schools,D452,Faith Christian School,0.795
-999,Independent Non-Public Schools,D489,Evansville Christian Sch Newburgh,0.724
-999,Independent Non-Public Schools,D525,Evansville Day School,0.824
-999,Independent Non-Public Schools,D725,Holy Cross School,NA
-999,Independent Non-Public Schools,D862,Community Christian School,0.6
-999,Independent Non-Public Schools,D875,Kingdom Academy of Bluffton Inc,NA
-999,Independent Non-Public Schools,D912,Al Haqq Foundation Academy,NA
-999,Independent Non-Public Schools,D913,Israel School of Excellence,0.083
-999,Independent Non-Public Schools,D914,International Leadership Schools,0.138
-999,Independent Non-Public Schools,D918,Alyssum Montessori School,NA
